stage,bot,difficulty,players,runs,wave,reached,reached_frac,lost_here,loss_rate,hazard,leak_rate,coins_p10,coins_med,coins_p90,income_p10,income_med,income_p90,inc_kill_med,inc_wave_med,inc_farm_med,farm_share,pool_per_coin,base_loss_mean
standard20,greedy,normal,1,200,1,200,1,0,0,0,1,177,195,195,177,195,195,90,105,0,0,0.2,3.305
standard20,greedy,normal,1,200,2,200,1,0,0,0,1,113,359,395,182,200,236,90,110,0,0,0.261,3.845
standard20,greedy,normal,1,200,3,200,1,0,0,0,1,301,343,392,223,248,280,133,115,0,0,0.2562,3.37
standard20,greedy,normal,1,200,4,200,1,0,0,0,0.97,242,345.5,410,260,305,337,185,120,0,0,0.2913,3.45
standard20,greedy,normal,1,200,5,200,1,0,0,0,0,159,197.5,328,443,443,443,318,125,0,0,0.3205,0
standard20,greedy,normal,1,200,6,200,1,0,0,0,0.865,192,299.5,361,354,408,450,278,130,0,0,0.3276,3.125
standard20,greedy,normal,1,200,7,200,1,0,0,0,0.01,186,256,407,534,534,534,399,135,0,0,0.3606,0.01
standard20,greedy,normal,1,200,8,200,1,0,0,0,0.005,188,245,375,581,581,581,441,140,0,0,0.3727,0.01
standard20,greedy,normal,1,200,9,200,1,0,0,0,0,245,308,422,663,663,663,518,145,0,0,0.4191,0
standard20,greedy,normal,1,200,10,200,1,0,0,0,0,951,1022.5,1063,1021,1021,1021,871,150,0,0,0.7413,0
standard20,greedy,normal,1,200,11,200,1,0,0,0,0.005,199,233.5,322,791,791,791,636,155,0,0,0.4494,0.02
standard20,greedy,normal,1,200,12,200,1,0,0,0,0,210,437,472,824,824,824,664,160,0,0,0.479,0
standard20,greedy,normal,1,200,13,200,1,0,0,0,0.81,225,337,416,624,832,936,667,165,0,0,0.5412,6.77
standard20,greedy,normal,1,200,14,200,1,0,0,0,0.505,221,401,545,922,968,991,798,170,0,0,0.5932,1.84
standard20,greedy,normal,1,200,15,200,1,0,0,0,0,233,389.5,567,982,982,982,807,175,0,0,0.5732,0
standard20,greedy,normal,1,200,16,200,1,0,0,0,1,211,372.5,548,975,1025,1075,845,180,0,0,0.7192,11.03
standard20,greedy,normal,1,200,17,200,1,0,0,0,0.04,282,432,626,1114,1199,1224,1014,185,0,0,0.7451,0.12
standard20,greedy,normal,1,200,18,200,1,0,0,0,1,231,334.5,558,1009,1073,1151,883,190,0,0,0.8262,13.515
standard20,greedy,normal,1,200,19,200,1,0,0,0,0,312,457.5,642,1295,1335,1355,1140,195,0,0,0.8216,0
standard20,greedy,normal,1,200,20,200,1,10,0.05,0.05,0.715,21,958,1265,417,1343,1590,1143,200,0,0,1.115,18.915
standard20,greedy,normal,2,200,1,200,1,0,0,0,0,506,506,506,506,506,506,296,210,0,0,0.212,0
standard20,greedy,normal,2,200,2,200,1,0,0,0,0,468,468,768,562,562,562,342,220,0,0,0.2112,0
standard20,greedy,normal,2,200,3,200,1,0,0,0,0.195,437,691,791,596,623,623,393,230,0,0,0.2357,0.22
standard20,greedy,normal,2,200,4,200,1,0,0,0,0.235,419,536,819,700,728,728,488,240,0,0,0.2568,0.295
standard20,greedy,normal,2,200,5,200,1,0,0,0,0,428,628,728,909,909,909,659,250,0,0,0.316,0
standard20,greedy,normal,2,200,6,200,1,0,0,0,0,448,606,748,947,947,947,687,260,0,0,0.3059,0
standard20,greedy,normal,2,200,7,200,1,0,0,0,0,426,581,781,1106,1106,1106,836,270,0,0,0.3437,0
standard20,greedy,normal,2,200,8,200,1,0,0,0,0,478,678,778,1197,1197,1197,917,280,0,0,0.3651,0
standard20,greedy,normal,2,200,9,200,1,0,0,0,0,455,655,855,1377,1377,1377,1087,290,0,0,0.407,0
standard20,greedy,normal,2,200,10,200,1,0,0,0,0,1827,2054,2182,2127,2127,2127,1827,300,0,0,0.7154,0
standard20,greedy,normal,2,200,11,200,1,0,0,0,0.555,487,672,844,1560,1605,1650,1295,310,0,0,0.4471,1.61
standard20,greedy,normal,2,200,12,200,1,0,0,0,0,493,703,871,1721,1721,1721,1401,320,0,0,0.466,0
standard20,greedy,normal,2,200,13,200,1,0,0,0,0.155,565,788,987,1828,1939,1939,1609,330,0,0,0.5308,0.715
standard20,greedy,normal,2,200,14,200,1,0,0,0,0.905,548,800,1021,1826,1924,2022,1584,340,0,0,0.5728,5.95
standard20,greedy,normal,2,200,15,200,1,0,0,0,0,609,842.5,1116,2045,2045,2045,1695,350,0,0,0.5639,0
standard20,greedy,normal,2,200,16,200,1,0,0,0,1,596,823.5,1083,2033,2137,2241,1777,360,0,0,0.7079,10.365
standard20,greedy,normal,2,200,17,200,1,0,0,0,0.62,582,861,1224,1901,2145,2367,1775,370,0,0,0.741,2.25
standard20,greedy,normal,2,200,18,200,1,0,0,0,1,653,1014.5,1409,2028,2269,2544,1889,380,0,0,0.8331,17.24
standard20,greedy,normal,2,200,19,200,1,0,0,0,0.295,644,1092,1445,1947,2596,2785,2206,390,0,0,0.8288,2.665
standard20,greedy,normal,2,200,20,200,1,26,0.13,0.13,1,269,699,1197,855,1044,1233,644,400,0,0,1.1392,42.005
standard20,greedy,normal,4,200,1,200,1,0,0,0,0,720,1020,1020,1020,1020,1020,600,420,0,0,0.216,0
standard20,greedy,normal,4,200,2,200,1,0,0,0,0,962,1162,1562,1142,1142,1142,702,440,0,0,0.2232,0
standard20,greedy,normal,4,200,3,200,1,0,0,0,0,830,1130,1330,1268,1268,1268,808,460,0,0,0.2292,0
standard20,greedy,normal,4,200,4,200,1,0,0,0,0,914,1114,1314,1484,1484,1484,1004,480,0,0,0.2577,0
standard20,greedy,normal,4,200,5,200,1,0,0,0,0,972,1222,1372,1858,1858,1858,1358,500,0,0,0.318,0
standard20,greedy,normal,4,200,6,200,1,0,0,0,0,985,1185,1425,1913,1913,1913,1393,520,0,0,0.3044,0
standard20,greedy,normal,4,200,7,200,1,0,0,0,0,935,1235,1485,2250,2250,2250,1710,540,0,0,0.3495,0
standard20,greedy,normal,4,200,8,200,1,0,0,0,0.01,1178,1478,1778,2443,2443,2443,1883,560,0,0,0.3703,0.02
standard20,greedy,normal,4,200,9,200,1,0,0,0,0,1280,1570,1910,2802,2802,2802,2222,580,0,0,0.4172,0
standard20,greedy,normal,4,200,10,200,1,0,0,0,0,1264,1704,4608,1384,1384,4338,784,600,0,0,0.7292,0
standard20,greedy,normal,4,200,11,200,1,0,0,0,0.515,1346,1760.5,2234,3237,6100,6282,5480,620,0,0,0.4573,1.71
standard20,greedy,normal,4,200,12,200,1,0,0,0,0.01,1563,2054.5,2598,3507,3507,3507,2867,640,0,0,0.4808,0.01
standard20,greedy,normal,4,200,13,200,1,0,0,0,0.36,1703,2204,2748,3405,3930,3930,3270,660,0,0,0.5449,1.69
standard20,greedy,normal,4,200,14,200,1,0,0,0,0.825,1767,2382,3100,3822,4022,4222,3342,680,0,0,0.5909,4.65
standard20,greedy,normal,4,200,15,200,1,0,0,0,0,1877,2577,3261,4147,4147,4147,3447,700,0,0,0.5826,0
standard20,greedy,normal,4,200,16,200,1,0,0,0,0.875,2081,2719.5,3454,4245,4563,4775,3843,720,0,0,0.7266,5.585
standard20,greedy,normal,4,200,17,200,1,0,0,0,0.025,2154,2953,3832,4738,5208,5314,4468,740,0,0,0.7503,0.1
standard20,greedy,normal,4,200,18,200,1,0,0,0,1,2007,3062,4023,3481,3803,4360,3043,760,0,0,0.8529,23.28
standard20,greedy,normal,4,200,19,200,1,1,0.005,0.005,0.725,2356,3211,4148,3576,4622.5,5299,3842.5,780,0,0,0.8563,5.755
standard20,greedy,normal,4,200,20,200,1,38,0.19,0.19,0.995,1884,5524.5,7204,1199,5373.5,6222,4573.5,800,0,0,1.1813,26.49
standard20,greedy,hard,1,200,1,200,1,0,0,0,1,177,195,195,177,195,195,90,105,0,0,0.208,3.305
standard20,greedy,hard,1,200,2,200,1,0,0,0,1,113,359,395,182,200,236,90,110,0,0,0.27,3.845
standard20,greedy,hard,1,200,3,200,1,0,0,0,0.695,137,356,401,249,274,306,159,115,0,0,0.2646,1.72
standard20,greedy,hard,1,200,4,200,1,0,0,0,0.895,174,351,399,279,324,350,204,120,0,0,0.3,2.53
standard20,greedy,hard,1,200,5,200,1,0,0,0,0.18,154,209.5,317,403,443,443,318,125,0,0,0.3286,0.325
standard20,greedy,hard,1,200,6,200,1,0,0,0,1,164,254,392,258,312,408,182,130,0,0,0.3352,8.075
standard20,greedy,hard,1,200,7,200,1,0,0,0,0.025,181,263,436,534,534,534,399,135,0,0,0.381,0.025
standard20,greedy,hard,1,200,8,200,1,0,0,0,0,182,288,437,581,581,581,441,140,0,0,0.406,0
standard20,greedy,hard,1,200,9,200,1,0,0,0,0,245,351,418,663,663,663,518,145,0,0,0.4527,0
standard20,greedy,hard,1,200,10,200,1,0,0,0,0.185,319,987,1095,334,1021,1021,871,150,0,0,0.7793,0.265
standard20,greedy,hard,1,200,11,200,1,0,0,0,1,225,406.5,465,623,707,1415,552,155,0,0,0.4868,9.59
standard20,greedy,hard,1,200,12,200,1,0,0,0,0,235,289,449,824,824,848,664,160,0,0,0.4985,0
standard20,greedy,hard,1,200,13,200,1,0,0,0,0.205,266,316.5,401,857,936,936,771,165,0,0,0.5612,0.915
standard20,greedy,hard,1,200,14,200,1,0,0,0,0.005,271,400,486,991,991,991,821,170,0,0,0.6103,0.01
standard20,greedy,hard,1,200,15,200,1,0,0,0,0,235,371,559,982,982,982,807,175,0,0,0.5916,0
standard20,greedy,hard,1,200,16,200,1,0,0,0,1,250,378,544,805,887,925,707,180,0,0,0.7526,21.99
standard20,greedy,hard,1,200,17,200,1,0,0,0,0.59,220,368,544,974,1114,1199,929,185,0,0,0.7733,1.98
standard20,greedy,hard,1,200,18,200,1,0,0,0,0.79,250,405.5,549,1197,1289,1374,1099,190,0,0,0.8555,3.56
standard20,greedy,hard,1,200,19,200,1,0,0,0,0,270,412.5,633,1275,1275,1315,1080,195,0,0,0.8458,0
standard20,greedy,hard,1,200,20,200,1,84,0.42,0.42,0.99,18,248,963,417,417,1343,217,200,0,0,1.1644,37.36
standard20,greedy,hard,2,200,1,200,1,0,0,0,0,506,506,506,506,506,506,296,210,0,0,0.216,0
standard20,greedy,hard,2,200,2,200,1,0,0,0,0,468,468,768,562,562,562,342,220,0,0,0.2146,0
standard20,greedy,hard,2,200,3,200,1,0,0,0,0.035,391,491,791,623,623,623,393,230,0,0,0.2269,0.035
standard20,greedy,hard,2,200,4,200,1,0,0,0,0.03,419,591,819,728,728,728,488,240,0,0,0.2663,0.035
standard20,greedy,hard,2,200,5,200,1,0,0,0,0,428,628,728,909,909,909,659,250,0,0,0.324,0
standard20,greedy,hard,2,200,6,200,1,0,0,0,0.82,415,615,755,827,887,947,627,260,0,0,0.3143,1.98
standard20,greedy,hard,2,200,7,200,1,0,0,0,0,431,591,751,1106,1106,1106,836,270,0,0,0.3597,0
standard20,greedy,hard,2,200,8,200,1,0,0,0,0,448,618,788,1197,1197,1197,917,280,0,0,0.3748,0
standard20,greedy,hard,2,200,9,200,1,0,0,0,0,465,660,835,1377,1377,1377,1087,290,0,0,0.4243,0
standard20,greedy,hard,2,200,10,200,1,0,0,0,0,459,789,2122,684,684,2127,384,300,0,0,0.7371,0
standard20,greedy,hard,2,200,11,200,1,0,0,0,1,527,647,807,1380,2868,2913,2558,310,0,0,0.4684,9.91
standard20,greedy,hard,2,200,12,200,1,0,0,0,0,498,655.5,853,1721,1721,1721,1401,320,0,0,0.4868,0
standard20,greedy,hard,2,200,13,200,1,0,0,0,0,557,759.5,967,1939,1939,1939,1609,330,0,0,0.5524,0
standard20,greedy,hard,2,200,14,200,1,0,0,0,0.015,593,858,1078,2071,2071,2071,1731,340,0,0,0.5962,0.03
standard20,greedy,hard,2,200,15,200,1,0,0,0,0,593,834.5,1083,2045,2045,2045,1695,350,0,0,0.5829,0
standard20,greedy,hard,2,200,16,200,1,0,0,0,1,558,828,1053,1584,1740.5,1849,1380.5,360,0,0,0.7452,24.655
standard20,greedy,hard,2,200,17,200,1,0,0,0,0.86,569,846.5,1126,1842,2027,2263,1657,370,0,0,0.7818,3.29
standard20,greedy,hard,2,200,18,200,1,0,0,0,0.915,702,1005.5,1384,2471,2708,2940,2328,380,0,0,0.8657,5.43
standard20,greedy,hard,2,200,19,200,1,0,0,0,0.345,813,1145.5,1487,1947,2617.5,2828,2227.5,390,0,0,0.8615,3.86
standard20,greedy,hard,2,200,20,200,1,62,0.31,0.31,1,307,674.5,1018,855,979,1044,579,400,0,0,1.1832,44.24
standard20,greedy,hard,4,200,1,200,1,0,0,0,0,720,1020,1020,1020,1020,1020,600,420,0,0,0.222,0
standard20,greedy,hard,4,200,2,200,1,0,0,0,0,962,1162,1462,1142,1142,1142,702,440,0,0,0.2304,0
standard20,greedy,hard,4,200,3,200,1,0,0,0,0,930,1230,1330,1268,1268,1268,808,460,0,0,0.2395,0
standard20,greedy,hard,4,200,4,200,1,0,0,0,0.025,914,1114,1314,1484,1484,1484,1004,480,0,0,0.2649,0.03
standard20,greedy,hard,4,200,5,200,1,0,0,0,0,972,1218,1472,1858,1858,1858,1358,500,0,0,0.327,0
standard20,greedy,hard,4,200,6,200,1,0,0,0,0.01,935,1185,1435,1913,1913,1913,1393,520,0,0,0.3135,0.015
standard20,greedy,hard,4,200,7,200,1,0,0,0,0,985,1235,1485,2250,2250,2250,1710,540,0,0,0.3594,0
standard20,greedy,hard,4,200,8,200,1,0,0,0,0,1228,1478,1778,2443,2443,2443,1883,560,0,0,0.3817,0
standard20,greedy,hard,4,200,9,200,1,0,0,0,0,1180,1570,1880,2802,2802,2802,2222,580,0,0,0.4297,0
standard20,greedy,hard,4,200,10,200,1,0,0,0,0.545,1204,1554,1964,1384,1384,1384,784,600,0,0,0.7542,18.54
standard20,greedy,hard,4,200,11,200,1,0,0,0,1,1344,1777.5,2197,2600,2782,5918,2162,620,0,0,0.5343,11.92
standard20,greedy,hard,4,200,12,200,1,0,0,0,0,1549,2017,2461,3507,3507,3507,2867,640,0,0,0.5509,0
standard20,greedy,hard,4,200,13,200,1,0,0,0,0.175,1686,2246.5,2723,3705,3930,3930,3270,660,0,0,0.617,0.69
standard20,greedy,hard,4,200,14,200,1,0,0,0,0.725,1799,2374,2960,3722,4022,4222,3342,680,0,0,0.6621,4.58
standard20,greedy,hard,4,200,15,200,1,0,0,0,0.095,1885,2519,3180,3919,4147,4147,3447,700,0,0,0.6451,0.38
standard20,greedy,hard,4,200,16,200,1,3,0.015,0.015,0.995,1943,2727,3335,3165,3483,4129,2763,720,0,0,0.8218,22.145
standard20,greedy,hard,4,200,17,200,1,1,0.005,0.005,0.165,2116,2841,3596,4001,4375,5208,3635,740,0,0,0.8448,0.6
standard20,greedy,hard,4,200,18,197,0.985,67,0.335,0.3401,0.9848,1924,2985,3904,3874,4689,5237,3987,760,0,0,0.9371,12.8426
standard20,greedy,hard,4,200,19,164,0.82,22,0.11,0.1341,0.4268,1811,2931.5,3972,88,4824,5588,4044,780,0,0,0.8761,2.1646
standard20,greedy,hard,4,200,20,123,0.615,30,0.15,0.2439,0.8699,1553,2772,6871,0,1985,5968,1318,800,0,0,1.2124,28.7317
standard20,greedy,nightmare,1,200,1,200,1,0,0,0,1,177,195,195,177,195,195,90,105,0,0,0.216,3.305
standard20,greedy,nightmare,1,200,2,200,1,0,0,0,1,113,359,395,182,200,236,90,110,0,0,0.279,3.845
standard20,greedy,nightmare,1,200,3,200,1,0,0,0,0.695,137,356,401,249,274,306,159,115,0,0,0.2792,1.72
standard20,greedy,nightmare,1,200,4,200,1,0,0,0,0.9,174,351,398,266,311,337,191,120,0,0,0.3137,2.795
standard20,greedy,nightmare,1,200,5,200,1,0,0,0,0.195,148,204,317,403,443,443,318,125,0,0,0.3423,0.36
standard20,greedy,nightmare,1,200,6,200,1,0,0,0,1,168,250,402,258,309,408,179,130,0,0,0.3464,8.235
standard20,greedy,nightmare,1,200,7,200,1,0,0,0,0.035,190,278,442,534,534,534,399,135,0,0,0.4117,0.045
standard20,greedy,nightmare,1,200,8,200,1,0,0,0,0,182,287.5,369,581,581,581,441,140,0,0,0.418,0
standard20,greedy,nightmare,1,200,9,200,1,0,0,0,0,245,349.5,415,663,663,663,518,145,0,0,0.4705,0
standard20,greedy,nightmare,1,200,10,200,1,0,0,0,0.2,296,409,1076,334,334,1021,184,150,0,0,0.8104,0.3
standard20,greedy,nightmare,1,200,11,200,1,0,0,0,1,200,384,459,641,1331,1394,1176,155,0,0,0.5087,10.55
standard20,greedy,nightmare,1,200,12,200,1,0,0,0,0,239,290,429,824,824,824,664,160,0,0,0.5201,0
standard20,greedy,nightmare,1,200,13,200,1,0,0,0,0.195,253,322,369,875,936,936,771,165,0,0,0.5883,0.775
standard20,greedy,nightmare,1,200,14,200,1,0,0,0,0.005,259,392.5,513,991,991,991,821,170,0,0,0.6327,0.01
standard20,greedy,nightmare,1,200,15,200,1,0,0,0,0,237,393.5,586,982,982,982,807,175,0,0,0.6132,0
standard20,greedy,nightmare,1,200,16,200,1,0,0,0,1,245,390.5,533,761,843,925,663,180,0,0,0.784,23.515
standard20,greedy,nightmare,1,200,17,200,1,0,0,0,0.615,223,345,566,1002,1114,1168,929,185,0,0,0.8122,1.95
standard20,greedy,nightmare,1,200,18,200,1,0,0,0,0.875,238,388,539,1153,1256,1350,1066,190,0,0,0.8958,5.21
standard20,greedy,nightmare,1,200,19,200,1,0,0,0,0,318,499.5,630,1275,1301,1335,1106,195,0,0,0.8883,0
standard20,greedy,nightmare,1,200,20,200,1,139,0.695,0.695,1,10,48,362,417,417,417,217,200,0,0,1.2105,42.35
standard20,greedy,nightmare,2,200,1,200,1,0,0,0,0,506,506,506,506,506,506,296,210,0,0,0.224,0
standard20,greedy,nightmare,2,200,2,200,1,0,0,0,0,468,468,768,562,562,562,342,220,0,0,0.225,0
standard20,greedy,nightmare,2,200,3,200,1,0,0,0,0.055,391,691,791,623,623,623,393,230,0,0,0.252,0.055
standard20,greedy,nightmare,2,200,4,200,1,0,0,0,0.04,419,591,819,728,728,728,488,240,0,0,0.2758,0.045
standard20,greedy,nightmare,2,200,5,200,1,0,0,0,0,428,628,728,909,909,909,659,250,0,0,0.3372,0
standard20,greedy,nightmare,2,200,6,200,1,0,0,0,0.925,445,615,745,797,887,917,627,260,0,0,0.3261,2.46
standard20,greedy,nightmare,2,200,7,200,1,0,0,0,0,431,581,751,1106,1106,1106,836,270,0,0,0.3739,0
standard20,greedy,nightmare,2,200,8,200,1,0,0,0,0,478,618,818,1197,1197,1197,917,280,0,0,0.3899,0
standard20,greedy,nightmare,2,200,9,200,1,0,0,0,0,495,660,825,1377,1377,1377,1087,290,0,0,0.441,0
standard20,greedy,nightmare,2,200,10,200,1,0,0,0,0,409,649,2062,684,684,2127,384,300,0,0,0.7661,0
standard20,greedy,nightmare,2,200,11,200,1,0,0,0,1,517,657,817,1425,2868,2913,2558,310,0,0,0.4875,10.02
standard20,greedy,nightmare,2,200,12,200,1,0,0,0,0,518,691.5,868,1721,1721,1721,1401,320,0,0,0.5071,0
standard20,greedy,nightmare,2,200,13,200,1,0,0,0,0.005,567,772,977,1939,1939,1939,1609,330,0,0,0.5746,0.01
standard20,greedy,nightmare,2,200,14,200,1,0,0,0,0.02,596,838,1088,2071,2071,2071,1731,340,0,0,0.6198,0.05
standard20,greedy,nightmare,2,200,15,200,1,0,0,0,0,613,833,1103,2045,2045,2045,1695,350,0,0,0.6075,0
standard20,greedy,nightmare,2,200,16,200,1,0,0,0,1,527,834,1093,1464,1665,1781,1305,360,0,0,0.7792,26.5
standard20,greedy,nightmare,2,200,17,200,1,0,0,0,0.825,644,918.5,1207,1908,2086,2263,1716,370,0,0,0.8154,2.605
standard20,greedy,nightmare,2,200,18,200,1,0,0,0,0.975,656,1017,1392,2425,2605.5,2759,2225.5,380,0,0,0.9012,7.42
standard20,greedy,nightmare,2,200,19,200,1,0,0,0,0.565,717,1039.5,1372,1904,2179,2742,1789,390,0,0,0.9043,6.405
standard20,greedy,nightmare,2,200,20,200,1,108,0.54,0.54,1,352,635.5,995,855,1044,1233,644,400,0,0,1.24,44.305
standard20,greedy,nightmare,4,200,1,200,1,0,0,0,0,720,1020,1020,1020,1020,1020,600,420,0,0,0.23,0
standard20,greedy,nightmare,4,200,2,200,1,0,0,0,0,962,1162,1462,1142,1142,1142,702,440,0,0,0.2394,0
standard20,greedy,nightmare,4,200,3,200,1,0,0,0,0,930,1130,1330,1268,1268,1268,808,460,0,0,0.2452,0
standard20,greedy,nightmare,4,200,4,200,1,0,0,0,0.03,914,1114,1314,1484,1484,1484,1004,480,0,0,0.2751,0.035
standard20,greedy,nightmare,4,200,5,200,1,0,0,0,0,922,1192,1422,1858,1858,1858,1358,500,0,0,0.3389,0
standard20,greedy,nightmare,4,200,6,200,1,0,0,0,0.04,935,1199,1385,1913,1913,1913,1393,520,0,0,0.3265,0.045
standard20,greedy,nightmare,4,200,7,200,1,0,0,0,0,1035,1235,1485,2250,2250,2250,1710,540,0,0,0.3753,0
standard20,greedy,nightmare,4,200,8,200,1,0,0,0,0,1178,1478,1778,2443,2443,2443,1883,560,0,0,0.3971,0
standard20,greedy,nightmare,4,200,9,200,1,0,0,0,0,1220,1570,1930,2802,2802,2802,2222,580,0,0,0.4464,0
standard20,greedy,nightmare,4,200,10,200,1,0,0,0,0.81,1154,1554,1964,1384,1384,1384,784,600,0,0,0.7838,27.54
standard20,greedy,nightmare,4,200,11,200,1,0,0,0,1,1335,1767,2220,2600,2691,5736,2071,620,0,0,0.5663,13.76
standard20,greedy,nightmare,4,200,12,200,1,0,0,0,0,1477,1923,2346,3507,3507,3507,2867,640,0,0,0.5804,0
standard20,greedy,nightmare,4,200,13,200,1,0,0,0,0.235,1617,2138.5,2652,3705,3930,3930,3270,660,0,0,0.6487,0.965
standard20,greedy,nightmare,4,200,14,200,1,0,0,0,0.925,1689,2324,2924,3700,3822,4122,3142,680,0,0,0.6986,7.16
standard20,greedy,nightmare,4,200,15,200,1,0,0,0,0.105,1748,2442,3121,3919,4147,4147,3447,700,0,0,0.6788,0.46
standard20,greedy,nightmare,4,200,16,200,1,8,0.04,0.04,1,1766,2511.5,3270,3001,3254,3845,2534,720,0,0,0.8673,25.82
standard20,greedy,nightmare,4,200,17,199,0.995,6,0.03,0.0302,0.3518,1956,2715,3549,3527,4117,4739,3377,740,0,0,0.9047,1.2261
standard20,greedy,nightmare,4,200,18,192,0.96,128,0.64,0.6667,0.9688,1623,2500,3715,3359,4234,5092,3923,0,0,0,1.0041,12.5781
standard20,greedy,nightmare,4,200,19,88,0.44,7,0.035,0.0795,0.4318,1630,2943,4080,88,4194.5,5387,3414.5,780,0,0,0.9146,3.1818
standard20,greedy,nightmare,4,200,20,57,0.285,29,0.145,0.5088,0.8947,1546,2340,6546,516,1985,5968,1318,800,0,0,1.2777,28.0351
standard20,farm,normal,1,200,1,200,1,0,0,0,0,214,214,214,314,314,314,144,105,65,0.207,0.1818,0
standard20,farm,normal,1,200,2,200,1,0,0,0,0,251,251,251,337,337,337,162,110,65,0.1929,0.1864,0
standard20,farm,normal,1,200,3,200,1,0,0,0,0,374,374,374,423,423,423,191,115,117,0.2766,0.1959,0
standard20,farm,normal,1,200,4,200,1,0,0,0,0.04,541,541,541,467,467,467,230,120,117,0.2508,0.233,0.04
standard20,farm,normal,1,200,5,200,1,0,0,0,0,366,401,701,560,560,625,318,125,117,0.2373,0.2611,0
standard20,farm,normal,1,200,6,200,1,0,0,0,0.025,385,429.5,633,632,684,684,320,130,234,0.334,0.2409,0.025
standard20,farm,normal,1,200,7,200,1,0,0,0,0,501,553,553,768,768,768,399,135,234,0.3036,0.2795,0
standard20,farm,normal,1,200,8,200,1,0,0,0,0.005,625,670,677,874,874,874,441,140,293,0.3346,0.2903,0.01
standard20,farm,normal,1,200,9,200,1,0,0,0,0,581,633,738,956,956,956,518,145,293,0.3058,0.3134,0
standard20,farm,normal,1,200,10,200,1,0,0,0,1,508,560,700,627,627,627,184,150,293,0.4666,0.5287,34
standard20,farm,normal,1,200,11,200,1,0,0,0,0.07,601,653,793,1143,1143,1143,636,155,352,0.3081,0.3685,0.24
standard20,farm,normal,1,200,12,200,1,0,0,0,0,617,721,829,1176,1176,1267,664,160,352,0.3244,0.3761,0
standard20,farm,normal,1,200,13,200,1,0,0,0,0.015,605,768.5,889,1288,1288,1379,771,165,352,0.2973,0.4184,0.035
standard20,farm,normal,1,200,14,200,1,0,0,0,0.775,615,736,841,1274,1343,1411,775,170,352,0.2941,0.4458,3.59
standard20,farm,normal,1,200,15,200,1,0,0,0,0,674,793.5,922,1334,1334,1425,807,175,352,0.2872,0.4361,0
standard20,farm,normal,1,200,16,200,1,0,0,0,0.865,636,795,943,1368,1460,1543,895,180,352,0.2722,0.5413,6.7
standard20,farm,normal,1,200,17,200,1,0,0,0,0,657,864,1008,1551,1626,1692,1039,185,352,0.2431,0.5553,0
standard20,farm,normal,1,200,18,200,1,0,0,0,0.81,640,828.5,981,1472,1589,1706,995,190,352,0.25,0.6181,6.62
standard20,farm,normal,1,200,19,200,1,0,0,0,0,312,518,652,1275,1275,1321,1080,195,0,0,0.6134,0
standard20,farm,normal,1,200,20,200,1,24,0.12,0.12,0.93,85,238.5,338,664,664,664,464,200,0,0,0.8436,31.62
standard20,farm,normal,2,200,1,200,1,0,0,0,0,436,736,736,636,636,636,296,210,130,0.2044,0.2232,0
standard20,farm,normal,2,200,2,200,1,0,0,0,0,528,728,728,692,692,692,342,220,130,0.1921,0.2112,0
standard20,farm,normal,2,200,3,200,1,0,0,0,0,585,833,933,805,805,857,393,230,182,0.236,0.2142,0
standard20,farm,normal,2,200,4,200,1,0,0,0,0,595,795,995,910,962,962,488,240,234,0.239,0.227,0
standard20,farm,normal,2,200,5,200,1,0,0,0,0,903,1138,1338,1143,1143,1260,659,250,234,0.2288,0.2912,0
standard20,farm,normal,2,200,6,200,1,0,0,0,0,784,953,1093,1246,1298,1298,687,260,351,0.2634,0.2595,0
standard20,farm,normal,2,200,7,200,1,0,0,0,0,841,1012.5,1208,1457,1457,1516,836,270,351,0.2514,0.2903,0
standard20,farm,normal,2,200,8,200,1,0,0,0,0,859,1050,1198,1548,1607,1666,917,280,410,0.2565,0.3004,0
standard20,farm,normal,2,200,9,200,1,0,0,0,0,942,1114.5,1302,1728,1787,1846,1087,290,410,0.2307,0.3335,0
standard20,farm,normal,2,200,10,200,1,0,0,0,1,871,1019,1174,1035,1094,1153,384,300,410,0.3765,0.5714,34
standard20,farm,normal,2,200,11,200,1,0,0,0,0.45,917,1106,1288,1939,2074,2119,1340,310,469,0.2229,0.4006,1.88
standard20,farm,normal,2,200,12,200,1,0,0,0,0,1059,1237,1447,2190,2190,2281,1401,320,469,0.226,0.4124,0
standard20,farm,normal,2,200,13,200,1,0,0,0,0,1042,1225,1435,2408,2408,2499,1609,330,469,0.2058,0.4596,0
standard20,farm,normal,2,200,14,200,1,0,0,0,0.855,1052,1280.5,1550,2295,2435,2540,1584,340,469,0.2066,0.4947,5.74
standard20,farm,normal,2,200,15,200,1,0,0,0,0,1101,1360.5,1619,2514,2514,2605,1695,350,469,0.1973,0.4834,0
standard20,farm,normal,2,200,16,200,1,0,0,0,0.98,1112,1317.5,1544,2398,2502,2710,1621,360,469,0.1978,0.6055,14.56
standard20,farm,normal,2,200,17,200,1,0,0,0,0.68,1123,1405.5,1708,2318,2579,3021,1656,370,469,0.192,0.6312,2.94
standard20,farm,normal,2,200,18,200,1,1,0.005,0.005,0.995,1141,1467.5,1831,2618,2775.5,3033,1901.5,380,469,0.1782,0.7055,17.02
standard20,farm,normal,2,200,19,199,0.995,46,0.23,0.2312,0.7739,612,1002,1366,1053,1947,2450,1557,390,0,0,0.7138,8.8291
standard20,farm,normal,2,200,20,173,0.865,112,0.56,0.6474,0.8844,254,622,1030,189,833,2255,644,0,0,0,0.9776,21.8266
standard20,farm,normal,4,200,1,200,1,0,0,0,0,1215,1215,1515,1215,1215,1215,600,420,195,0.1605,0.216,0
standard20,farm,normal,4,200,2,200,1,0,0,0,0,1152,1304,1552,1337,1337,1389,702,440,195,0.1589,0.2106,0
standard20,farm,normal,4,200,3,200,1,0,0,0,0,1271,1519,1719,1515,1567,1619,808,460,299,0.1913,0.2188,0
standard20,farm,normal,4,200,4,200,1,0,0,0,0,1306,1506,1754,1783,1835,1835,1004,480,351,0.1873,0.2365,0
standard20,farm,normal,4,200,5,200,1,0,0,0,0,1363,1563,1811,2209,2209,2209,1358,500,351,0.1586,0.2865,0
standard20,farm,normal,4,200,6,200,1,0,0,0,0,1327,1575,1817,2264,2264,2264,1393,520,351,0.155,0.2714,0
standard20,farm,normal,4,200,7,200,1,0,0,0,0,1420,1678,1928,2601,2601,2601,1710,540,351,0.1349,0.3118,0
standard20,farm,normal,4,200,8,200,1,0,0,0,0,1512,1771,2104,2794,2794,2794,1883,560,351,0.1256,0.326,0
standard20,farm,normal,4,200,9,200,1,0,0,0,0,1655,2049,2415,3153,3153,3153,2222,580,351,0.1113,0.3705,0
standard20,farm,normal,4,200,10,200,1,0,0,0,1,1570,1920,2234,1735,1735,1735,784,600,351,0.2023,0.6426,34
standard20,farm,normal,4,200,11,200,1,0,0,0,1,1716,2156.5,2574,3224,3406,3497,2435,620,351,0.104,0.4595,6.66
standard20,farm,normal,4,200,12,200,1,0,0,0,0,1883,2342,2905,3858,3858,3858,2867,640,351,0.091,0.4744,0
standard20,farm,normal,4,200,13,200,1,0,0,0,0,1919,2546.5,3068,4281,4281,4281,3270,660,351,0.082,0.5325,0
standard20,farm,normal,4,200,14,200,1,0,0,0,1,2016,2595.5,3218,3873,3973,4173,2942,680,351,0.0887,0.5773,12.3
standard20,farm,normal,4,200,15,200,1,0,0,0,0,2175,2819.5,3420,4498,4498,4498,3447,700,351,0.078,0.5656,0
standard20,farm,normal,4,200,16,200,1,0,0,0,1,2297,2965.5,3669,3466,3925,4490,2854,720,351,0.0872,0.7176,20.97
standard20,farm,normal,4,200,17,200,1,1,0.005,0.005,0.82,2235,3032.5,3948,3393,3999,4937,2908,740,351,0.0862,0.7557,6.28
standard20,farm,normal,4,200,18,200,1,148,0.74,0.74,0.995,1470,2482,3709,2899,3196,5033,3174,0,0,0.0282,0.8541,16.41
standard20,farm,normal,4,200,19,58,0.29,36,0.18,0.6207,0.8793,1875,3065.5,4534,88,2913.5,3541,2157,780,0,0,0.8447,11.1552
standard20,farm,normal,4,200,20,48,0.24,15,0.075,0.3125,0.3125,1635,2670.5,4130,0,516,3021,516,0,0,0,1.1251,8.7917
standard20,farm,hard,1,200,1,200,1,0,0,0,0.325,196,214,514,296,314,314,144,105,65,0.2109,0.1891,0.325
standard20,farm,hard,1,200,2,200,1,0,0,0,0,233,251,451,337,337,337,162,110,65,0.1929,0.1929,0
standard20,farm,hard,1,200,3,200,1,0,0,0,0,356,374,422,371,423,423,191,115,117,0.2475,0.2024,0
standard20,farm,hard,1,200,4,200,1,0,0,0,0,289,523,541,467,467,467,230,120,117,0.2505,0.24,0
standard20,farm,hard,1,200,5,200,1,0,0,0,0,401,549,683,560,560,560,318,125,117,0.2162,0.2892,0
standard20,farm,hard,1,200,6,200,1,0,0,0,0.735,385,533,605,604,656,684,292,130,234,0.3304,0.2619,1.395
standard20,farm,hard,1,200,7,200,1,0,0,0,0,455,507.5,659,768,768,768,399,135,234,0.3047,0.2858,0
standard20,farm,hard,1,200,8,200,1,0,0,0,0.04,525,610,697,836,874,874,441,140,293,0.3319,0.2992,0.13
standard20,farm,hard,1,200,9,200,1,0,0,0,0,533,605,753,956,956,956,518,145,293,0.3028,0.3228,0
standard20,farm,hard,1,200,10,200,1,0,0,0,1,462,560,700,627,627,627,184,150,293,0.463,0.5437,34
standard20,farm,hard,1,200,11,200,1,0,0,0,0.975,558,703,780,933,975,1080,468,155,352,0.3522,0.3956,14.8
standard20,farm,hard,1,200,12,200,1,0,0,0,0.08,600,708.5,892,1176,1176,1267,664,160,352,0.327,0.3978,0.315
standard20,farm,hard,1,200,13,200,1,0,0,0,0.01,601,775,876,1288,1288,1379,771,165,352,0.2971,0.4403,0.015
standard20,farm,hard,1,200,14,200,1,0,0,0,0,602,773.5,888,1343,1343,1434,821,170,352,0.2855,0.4689,0
standard20,farm,hard,1,200,15,200,1,0,0,0,0,646,784.5,924,1334,1334,1425,807,175,352,0.2874,0.456,0
standard20,farm,hard,1,200,16,200,1,0,0,0,0.97,582,744.5,909,1170,1327,1452,745,180,352,0.298,0.5695,17.465
standard20,farm,hard,1,200,17,200,1,0,0,0,0.035,686,824.5,1005,1551,1607.5,1667,1014,185,352,0.2473,0.5851,0.105
standard20,farm,hard,1,200,18,200,1,0,0,0,0.655,638,865.5,997,1563,1644.5,1732,1047,190,352,0.2407,0.647,2.62
standard20,farm,hard,1,200,19,200,1,0,0,0,0,333,518.5,645,1275,1275,1327,1080,195,0,0,0.6398,0
standard20,farm,hard,1,200,20,200,1,143,0.715,0.715,0.92,78,247,354,664,664,664,464,200,0,0,0.8794,31.28
standard20,farm,hard,2,200,1,200,1,0,0,0,0,436,736,736,636,636,636,296,210,130,0.2044,0.2274,0
standard20,farm,hard,2,200,2,200,1,0,0,0,0,528,728,728,692,692,692,342,220,130,0.1879,0.2146,0
standard20,farm,hard,2,200,3,200,1,0,0,0,0,585,833,933,805,805,857,393,230,182,0.2391,0.22,0
standard20,farm,hard,2,200,4,200,1,0,0,0,0,595,795,947,962,962,962,488,240,234,0.2404,0.2353,0
standard20,farm,hard,2,200,5,200,1,0,0,0,0.005,890,1138,1303,1143,1143,1208,659,250,234,0.2228,0.2986,0.05
standard20,farm,hard,2,200,6,200,1,0,0,0,0.13,753,951,1093,1246,1298,1298,687,260,351,0.2621,0.2667,0.16
standard20,farm,hard,2,200,7,200,1,0,0,0,0,793,993,1172,1457,1457,1516,836,270,351,0.2475,0.2994,0
standard20,farm,hard,2,200,8,200,1,0,0,0,0,841,1035,1189,1548,1607,1666,917,280,410,0.2498,0.3084,0
standard20,farm,hard,2,200,9,200,1,0,0,0,0,944,1090.5,1304,1728,1787,1846,1087,290,410,0.2244,0.3455,0
standard20,farm,hard,2,200,10,200,1,0,0,0,1,862,1005,1176,1035,1094,1153,384,300,410,0.3681,0.5913,34
standard20,farm,hard,2,200,11,200,1,0,0,0,1,944,1107.5,1265,1610,1669,1759,890,310,469,0.2665,0.4269,18.72
standard20,farm,hard,2,200,12,200,1,0,0,0,0.005,1031,1222,1419,2131,2190,2281,1401,320,469,0.2223,0.4365,0.015
standard20,farm,hard,2,200,13,200,1,0,0,0,0,997,1184.5,1371,2349,2408,2499,1609,330,469,0.2022,0.485,0
standard20,farm,hard,2,200,14,200,1,0,0,0,0,1070,1305,1522,2481,2540,2631,1731,340,469,0.1918,0.5185,0
standard20,farm,hard,2,200,15,200,1,0,0,0,0,1104,1369,1599,2455,2514,2605,1695,350,469,0.1938,0.5059,0
standard20,farm,hard,2,200,16,200,1,0,0,0,1,984,1271,1517,1575,1735,2173,866,360,469,0.2707,0.6483,32.165
standard20,farm,hard,2,200,17,200,1,37,0.185,0.185,0.815,1116,1335,1629,2022,2113,2732,1242,370,469,0.2205,0.6872,6.675
standard20,farm,hard,2,200,18,200,1,83,0.415,0.415,0.73,378,1226,1757,415,3290,3542,2466.5,380,469,0.1099,0.7405,2.57
standard20,farm,hard,2,200,19,117,0.585,27,0.135,0.2308,0.2308,288,794,1436,43,1491,2699,1491,0,0,0,0.7221,2.3077
standard20,farm,hard,2,200,20,53,0.265,47,0.235,0.8868,1,213,675,1049,1374,1563,1563,1163,400,0,0,0.9845,33.5472
standard20,farm,hard,4,200,1,200,1,0,0,0,0.005,915,1215,1515,1215,1215,1215,600,420,195,0.1605,0.222,0.005
standard20,farm,hard,4,200,2,200,1,0,0,0,0,1152,1304,1452,1337,1337,1389,702,440,195,0.1531,0.2174,0
standard20,farm,hard,4,200,3,200,1,0,0,0,0,1223,1467,1671,1515,1567,1619,808,460,299,0.1911,0.225,0
standard20,farm,hard,4,200,4,200,1,0,0,0,0,1302,1556,1758,1783,1835,1835,1004,480,351,0.189,0.246,0
standard20,farm,hard,4,200,5,200,1,0,0,0,0,1361,1561,1763,2209,2209,2209,1358,500,351,0.1588,0.2946,0
standard20,farm,hard,4,200,6,200,1,0,0,0,0.005,1281,1529,1775,2264,2264,2264,1393,520,351,0.1551,0.2795,0.005
standard20,farm,hard,4,200,7,200,1,0,0,0,0,1380,1580,1780,2601,2601,2601,1710,540,351,0.1349,0.3187,0
standard20,farm,hard,4,200,8,200,1,0,0,0,0,1472,1810,2112,2794,2794,2794,1883,560,351,0.1256,0.337,0
standard20,farm,hard,4,200,9,200,1,0,0,0,0,1727,2101,2455,3153,3153,3153,2222,580,351,0.1113,0.3828,0
standard20,farm,hard,4,200,10,200,1,0,0,0,1,1588,1870,2182,1735,1735,1735,784,600,351,0.2023,0.6608,34
standard20,farm,hard,4,200,11,200,1,0,0,0,1,1698,2115,2480,2769,2860,2951,1889,620,351,0.1229,0.4824,18.08
standard20,farm,hard,4,200,12,200,1,0,0,0,0,1996,2471,3025,3858,3858,3858,2867,640,351,0.091,0.4996,0
standard20,farm,hard,4,200,13,200,1,0,0,0,0,1949,2433.5,2937,4281,4281,4281,3270,660,351,0.082,0.5561,0
standard20,farm,hard,4,200,14,200,1,0,0,0,0.595,2025,2616,3179,4273,4473,4573,3442,680,351,0.0786,0.5966,2.12
standard20,farm,hard,4,200,15,200,1,0,0,0,0,2185,2813,3433,4498,4498,4498,3447,700,351,0.078,0.5834,0
standard20,farm,hard,4,200,16,200,1,13,0.065,0.065,1,2056,2810.5,3454,2269,2540,3278,1469,720,351,0.1343,0.7592,38.015
standard20,farm,hard,4,200,17,200,1,151,0.755,0.755,0.935,1834,2819.5,3576,1575,3272,3998,2181,740,351,0.1001,0.8088,6.915
standard20,farm,hard,4,200,18,170,0.85,30,0.15,0.1765,0.2118,1388,2018,3223,0,363,4089,363,0,0,0.0268,0.0517,1.6765
standard20,farm,hard,4,200,19,15,0.075,3,0.015,0.2,0.4,1560,2546,3792,88,352,4701,352,0,0,0,0.4106,2
standard20,farm,hard,4,200,20,6,0.03,3,0.015,0.5,0.5,1740,2494.5,3160,0,1832.5,2505,1432.5,400,0,0,1.1688,10.6667
standard20,farm,nightmare,1,200,1,200,1,0,0,0,0.325,196,214,514,296,314,314,144,105,65,0.2109,0.1964,0.325
standard20,farm,nightmare,1,200,2,200,1,0,0,0,0,233,251,451,337,337,337,162,110,65,0.1929,0.1993,0
standard20,farm,nightmare,1,200,3,200,1,0,0,0,0,356,374,422,371,423,423,191,115,117,0.2475,0.2135,0
standard20,farm,nightmare,1,200,4,200,1,0,0,0,0,289,523,541,467,467,467,230,120,117,0.2505,0.251,0
standard20,farm,nightmare,1,200,5,200,1,0,0,0,0,401,549,683,560,560,560,318,125,117,0.2149,0.3012,0
standard20,farm,nightmare,1,200,6,200,1,0,0,0,0.755,385,533,605,590,656,684,306,130,234,0.3289,0.2706,1.405
standard20,farm,nightmare,1,200,7,200,1,0,0,0,0.01,455,509.5,659,768,768,768,399,135,234,0.3049,0.2985,0.03
standard20,farm,nightmare,1,200,8,200,1,0,0,0,0.04,516,610,711,855,874,874,441,140,293,0.3321,0.308,0.13
standard20,farm,nightmare,1,200,9,200,1,0,0,0,0,507,618,739,956,956,956,518,145,293,0.303,0.3355,0
standard20,farm,nightmare,1,200,10,200,1,0,0,0,1,462,560,706,627,627,627,184,150,293,0.4633,0.569,34
standard20,farm,nightmare,1,200,11,200,1,0,0,0,0.985,559,687,785,933,954,1059,447,155,352,0.3569,0.4133,15.9
standard20,farm,nightmare,1,200,12,200,1,0,0,0,0.11,592,710,863,1176,1176,1267,664,160,352,0.3237,0.4124,0.47
standard20,farm,nightmare,1,200,13,200,1,0,0,0,0.01,598,747.5,853,1288,1288,1379,771,165,352,0.2924,0.4609,0.02
standard20,farm,nightmare,1,200,14,200,1,0,0,0,0,600,763,855,1343,1343,1434,821,170,352,0.2812,0.4877,0
standard20,farm,nightmare,1,200,15,200,1,0,0,0,0,630,773,900,1334,1334,1425,807,175,352,0.283,0.4751,0
standard20,farm,nightmare,1,200,16,200,1,0,0,0,0.96,560,723.5,908,1170,1302,1443,732.5,180,352,0.2967,0.5943,18.52
standard20,farm,nightmare,1,200,17,200,1,0,0,0,0.085,662,809.5,995,1466,1566.5,1667,1014,185,352,0.2457,0.6132,0.27
standard20,farm,nightmare,1,200,18,200,1,0,0,0,0.775,626,839,967,1537,1616,1732,1047,190,352,0.2377,0.6805,3.88
standard20,farm,nightmare,1,200,19,200,1,0,0,0,0,322,498,635,1275,1275,1321,1080,195,0,0,0.6742,0
standard20,farm,nightmare,1,200,20,200,1,160,0.8,0.8,0.95,75,243.5,330,664,664,664,464,200,0,0,0.9247,32.3
standard20,farm,nightmare,2,200,1,200,1,0,0,0,0,436,736,736,636,636,636,296,210,130,0.2044,0.2358,0
standard20,farm,nightmare,2,200,2,200,1,0,0,0,0,528,728,728,692,692,692,342,220,130,0.1879,0.225,0
standard20,farm,nightmare,2,200,3,200,1,0,0,0,0,633,833,933,805,805,857,393,230,182,0.2381,0.2291,0
standard20,farm,nightmare,2,200,4,200,1,0,0,0,0,595,819,995,962,962,962,488,240,234,0.241,0.2437,0
standard20,farm,nightmare,2,200,5,200,1,0,0,0,0.03,890,1138,1303,1143,1143,1208,659,250,234,0.2282,0.3108,0.3
standard20,farm,nightmare,2,200,6,200,1,0,0,0,0.24,736,936,1084,1238,1298,1298,687,260,351,0.2639,0.2767,0.34
standard20,farm,nightmare,2,200,7,200,1,0,0,0,0,808,995.5,1159,1457,1457,1516,836,270,351,0.2466,0.3131,0
standard20,farm,nightmare,2,200,8,200,1,0,0,0,0,856,1034,1198,1548,1607,1666,917,280,410,0.25,0.3222,0
standard20,farm,nightmare,2,200,9,200,1,0,0,0,0,892,1102.5,1317,1728,1787,1846,1087,290,410,0.2247,0.3603,0
standard20,farm,nightmare,2,200,10,200,1,0,0,0,1,858,1020.5,1192,1035,1094,1153,384,300,410,0.3685,0.6153,34
standard20,farm,nightmare,2,200,11,200,1,0,0,0,1,922,1108.5,1300,1610,1669,1759,890,310,469,0.2684,0.4424,18.95
standard20,farm,nightmare,2,200,12,200,1,0,0,0,0.005,1085,1240.5,1469,2190,2190,2281,1401,320,469,0.2237,0.4551,0.015
standard20,farm,nightmare,2,200,13,200,1,0,0,0,0,1008,1171.5,1390,2408,2408,2499,1609,330,469,0.2035,0.5035,0
standard20,farm,nightmare,2,200,14,200,1,0,0,0,0.025,1075,1287,1508,2540,2540,2631,1731,340,469,0.1932,0.5393,0.05
standard20,farm,nightmare,2,200,15,200,1,0,0,0,0,1125,1347.5,1622,2514,2514,2605,1695,350,469,0.195,0.5259,0
standard20,farm,nightmare,2,200,16,200,1,2,0.01,0.01,1,1006,1313,1604,1442,1695,2173,826,360,469,0.2811,0.6771,33.44
standard20,farm,nightmare,2,200,17,200,1,87,0.435,0.435,0.815,1106,1341,1630,1963,2081,2613,1242,370,469,0.2243,0.7149,6.035
standard20,farm,nightmare,2,200,18,198,0.99,45,0.225,0.2273,0.5051,296,630.5,1608,177,2280.5,3552,2261,0,0,0.1018,0.7484,2.0707
standard20,farm,nightmare,2,200,19,75,0.375,8,0.04,0.1067,0.1067,448,999,1503,86,2565,2797,2175,390,0,0,0.7501,1.0133
standard20,farm,nightmare,2,200,20,59,0.295,57,0.285,0.9661,0.9831,241,588,1011,1233,1374,1752,974,400,0,0,1.0266,33.6949
standard20,farm,nightmare,4,200,1,200,1,0,0,0,0.04,915,1215,1515,1215,1215,1215,600,420,195,0.1609,0.23,0.045
standard20,farm,nightmare,4,200,2,200,1,0,0,0,0,1152,1304,1552,1337,1337,1389,702,440,195,0.15,0.2258,0
standard20,farm,nightmare,4,200,3,200,1,0,0,0,0,1271,1445,1667,1515,1567,1619,808,460,299,0.1922,0.2306,0
standard20,farm,nightmare,4,200,4,200,1,0,0,0,0,1302,1554,1802,1835,1835,1835,1004,480,351,0.1893,0.2555,0
standard20,farm,nightmare,4,200,5,200,1,0,0,0,0,1311,1555,1761,2209,2209,2209,1358,500,351,0.1587,0.3063,0
standard20,farm,nightmare,4,200,6,200,1,0,0,0,0.015,1281,1531,1767,2264,2264,2264,1393,520,351,0.1551,0.2908,0.015
standard20,farm,nightmare,4,200,7,200,1,0,0,0,0,1376,1580,1880,2601,2601,2601,1710,540,351,0.1349,0.3329,0
standard20,farm,nightmare,4,200,8,200,1,0,0,0,0,1474,1820,2110,2794,2794,2794,1883,560,351,0.1256,0.3508,0
standard20,farm,nightmare,4,200,9,200,1,0,0,0,0,1605,2073,2423,3153,3153,3153,2222,580,351,0.1113,0.3973,0
standard20,farm,nightmare,4,200,10,200,1,0,0,0,1,1598,1896.5,2190,1735,1735,1735,784,600,351,0.2023,0.6869,34
standard20,farm,nightmare,4,200,11,200,1,0,0,0,1,1700,2089.5,2455,2769,2860,2860,1889,620,351,0.1236,0.5006,18.42
standard20,farm,nightmare,4,200,12,200,1,0,0,0,0.005,1987,2460,2937,3858,3858,3858,2867,640,351,0.091,0.5186,0.015
standard20,farm,nightmare,4,200,13,200,1,0,0,0,0,1943,2426.5,2979,4281,4281,4281,3270,660,351,0.082,0.5774,0
standard20,farm,nightmare,4,200,14,200,1,0,0,0,0.86,1877,2531,3091,4273,4373,4573,3342,680,351,0.0803,0.6184,4.07
standard20,farm,nightmare,4,200,15,200,1,0,0,0,0,2245,2830.5,3415,4498,4498,4498,3447,700,351,0.0781,0.6076,0
standard20,farm,nightmare,4,200,16,200,1,56,0.28,0.28,1,2173,2884.5,3508,1998,2351,3007,1280,720,351,0.1413,0.7942,39.03
standard20,farm,nightmare,4,200,17,200,1,124,0.62,0.62,0.72,1290,2443.5,3530,0,2787,3634,1756.5,740,351,0.0929,0.8383,4.315
standard20,farm,nightmare,4,200,18,113,0.565,18,0.09,0.1593,0.177,1138,1898,2750,0,242,3883,242,0,0,0.016,0.0534,1.354
standard20,farm,nightmare,4,200,19,5,0.025,1,0.005,0.2,0.4,1423,1774,3605,176,264,4638,264,0,0,0,0.2132,2.6
standard20,farm,nightmare,4,200,20,1,0.005,1,0.005,1,1,2570,2570,2570,2505,2505,2505,1705,800,0,0,1.2305,10
standard20,aoe,normal,1,200,1,200,1,0,0,0,0,149,149,299,249,249,249,144,105,0,0,0.1818,0
standard20,aoe,normal,1,200,2,200,1,0,0,0,0,271,421,421,272,272,272,162,110,0,0,0.2373,0
standard20,aoe,normal,1,200,3,200,1,0,0,0,0,277,327,327,306,306,306,191,115,0,0,0.222,0
standard20,aoe,normal,1,200,4,200,1,0,0,0,0,327,377,377,350,350,350,230,120,0,0,0.2589,0
standard20,aoe,normal,1,200,5,200,1,0,0,0,0,170,220,520,443,443,443,318,125,0,0,0.2938,0
standard20,aoe,normal,1,200,6,200,1,0,0,0,0.015,270,320,370,450,450,450,320,130,0,0,0.2978,0.02
standard20,aoe,normal,1,200,7,200,1,0,0,0,0,204,254,304,534,534,534,399,135,0,0,0.3337,0
standard20,aoe,normal,1,200,8,200,1,0,0,0,0,185,235,335,581,581,581,441,140,0,0,0.3491,0
standard20,aoe,normal,1,200,9,200,1,0,0,0,0,248,298,398,663,663,663,518,145,0,0,0.396,0
standard20,aoe,normal,1,200,10,200,1,0,0,0,1,282,332,382,334,334,334,184,150,0,0,0.7031,34
standard20,aoe,normal,1,200,11,200,1,0,0,0,0.005,223,273,473,791,791,791,636,155,0,0,0.4849,0.02
standard20,aoe,normal,1,200,12,200,1,0,0,0,0,197,297,447,824,824,824,664,160,0,0,0.5011,0
standard20,aoe,normal,1,200,13,200,1,0,0,0,0.215,233,333,533,893,936,936,771,165,0,0,0.5631,0.425
standard20,aoe,normal,1,200,14,200,1,0,0,0,0.705,232,278,474,899,945,991,775,170,0,0,0.6002,3.54
standard20,aoe,normal,1,200,15,200,1,0,0,0,0,231,437,483,982,982,982,807,175,0,0,0.5982,0
standard20,aoe,normal,1,200,16,200,1,0,0,0,1,185,431,562,900,950,1000,770,180,0,0,0.7466,17.79
standard20,aoe,normal,1,200,17,200,1,0,0,0,0.28,214,321,497,1029,1114,1139,929,185,0,0,0.7681,1.05
standard20,aoe,normal,1,200,18,200,1,0,0,0,1,222,476,574,949,1060,1151,870,190,0,0,0.8665,19.405
standard20,aoe,normal,1,200,19,200,1,34,0.17,0.17,1,204,495,566,600,905,985,710,195,0,0,0.8776,12.345
standard20,aoe,normal,1,200,20,180,0.9,165,0.825,0.9167,0.9222,19,111.5,356,217,507,874,307,200,0,0,1.1887,25.5667
standard20,aoe,normal,2,200,1,200,1,0,0,0,0,456,456,606,506,506,506,296,210,0,0,0.2068,0
standard20,aoe,normal,2,200,2,200,1,0,0,0,0,418,568,718,562,562,562,342,220,0,0,0.2196,0
standard20,aoe,normal,2,200,3,200,1,0,0,0,0,341,591,741,623,623,623,393,230,0,0,0.2281,0
standard20,aoe,normal,2,200,4,200,1,0,0,0,0,419,569,769,728,728,728,488,240,0,0,0.2535,0
standard20,aoe,normal,2,200,5,200,1,0,0,0,0,428,678,1028,909,909,909,659,250,0,0,0.3194,0
standard20,aoe,normal,2,200,6,200,1,0,0,0,0,425,625,775,947,947,947,687,260,0,0,0.3032,0
standard20,aoe,normal,2,200,7,200,1,0,0,0,0,431,631,881,1106,1106,1106,836,270,0,0,0.3462,0
standard20,aoe,normal,2,200,8,200,1,0,0,0,0,478,628,828,1197,1197,1197,917,280,0,0,0.3628,0
standard20,aoe,normal,2,200,9,200,1,0,0,0,0,505,705,855,1377,1377,1377,1087,290,0,0,0.4092,0
standard20,aoe,normal,2,200,10,200,1,0,0,0,1,429,589,739,684,684,684,384,300,0,0,0.7118,34
standard20,aoe,normal,2,200,11,200,1,0,0,0,0.8,489,689,844,1425,1560,1650,1250,310,0,0,0.5054,4.88
standard20,aoe,normal,2,200,12,200,1,0,0,0,0,575,780,965,1721,1721,1721,1401,320,0,0,0.5227,0
standard20,aoe,normal,2,200,13,200,1,0,0,0,0,514,766.5,959,1939,1939,1939,1609,330,0,0,0.5819,0
standard20,aoe,normal,2,200,14,200,1,0,0,0,0.92,577,823.5,1030,1728,1875,2022,1535,340,0,0,0.6269,8.02
standard20,aoe,normal,2,200,15,200,1,0,0,0,0,602,865.5,1121,2045,2045,2045,1695,350,0,0,0.6122,0
standard20,aoe,normal,2,200,16,200,1,0,0,0,1,564,823.5,1108,1704,1877,1981,1517,360,0,0,0.7698,19.54
standard20,aoe,normal,2,200,17,200,1,0,0,0,0.58,606,870.5,1143,1612,1908,2191,1538,370,0,0,0.8098,3.885
standard20,aoe,normal,2,200,18,200,1,95,0.475,0.475,1,532,878.5,1211,1743,2133,2460,1790,380,0,0,0.906,23.575
standard20,aoe,normal,2,200,19,170,0.85,76,0.38,0.4471,0.5706,309,728,1152,0,338,1655,338,0,0,0,0.9036,7.0118
standard20,aoe,normal,2,200,20,76,0.38,29,0.145,0.3816,0.3816,191,657,1015,0,126,2428,126,0,0,0,1.122,10.3684
standard20,aoe,normal,4,200,1,200,1,0,0,0,0,770,1070,1220,1020,1020,1020,600,420,0,0,0.2187,0
standard20,aoe,normal,4,200,2,200,1,0,0,0,0,912,1162,1312,1142,1142,1142,702,440,0,0,0.2232,0
standard20,aoe,normal,4,200,3,200,1,0,0,0,0,930,1230,1380,1268,1268,1268,808,460,0,0,0.2329,0
standard20,aoe,normal,4,200,4,200,1,0,0,0,0,914,1164,1364,1484,1484,1484,1004,480,0,0,0.2594,0
standard20,aoe,normal,4,200,5,200,1,0,0,0,0,1022,1747,1972,1858,1858,1858,1358,500,0,0,0.3365,0
standard20,aoe,normal,4,200,6,200,1,0,0,0,0,935,1185,1435,1913,1913,1913,1393,520,0,0,0.3044,0
standard20,aoe,normal,4,200,7,200,1,0,0,0,0,1085,1435,1735,2250,2250,2250,1710,540,0,0,0.3547,0
standard20,aoe,normal,4,200,8,200,1,0,0,0,0,1178,1428,1778,2443,2443,2443,1883,560,0,0,0.3691,0
standard20,aoe,normal,4,200,9,200,1,0,0,0,0,1370,1772.5,2120,2802,2802,2802,2222,580,0,0,0.4218,0
standard20,aoe,normal,4,200,10,200,1,0,0,0,1,1204,1579,1944,1384,1384,1384,784,600,0,0,0.7334,34
standard20,aoe,normal,4,200,11,200,1,0,0,0,1,1266,1724,2125,2509,2691,2964,2071,620,0,0,0.5284,13.34
standard20,aoe,normal,4,200,12,200,1,0,0,0,0,1635,2118.5,2622,3507,3507,3507,2867,640,0,0,0.5466,0
standard20,aoe,normal,4,200,13,200,1,0,0,0,0.01,1502,2062.5,2580,3930,3930,3930,3270,660,0,0,0.6042,0.02
standard20,aoe,normal,4,200,14,200,1,0,0,0,0.95,1661,2133.5,2675,3422,3522,4122,2842,680,0,0,0.6529,11.33
standard20,aoe,normal,4,200,15,200,1,0,0,0,0,1691,2219.5,2964,4147,4147,4147,3447,700,0,0,0.6354,0
standard20,aoe,normal,4,200,16,200,1,0,0,0,1,1685,2411,3085,3009,3468,3927,2748,720,0,0,0.8099,22.365
standard20,aoe,normal,4,200,17,200,1,24,0.12,0.12,0.585,1809,2627,3201,2799,3515,4348,2775,740,0,0,0.8542,3.975
standard20,aoe,normal,4,200,18,200,1,134,0.67,0.67,0.88,1332,2169.5,3235,1259,3857,4958,3661.5,0,0,0,0.9393,13.38
standard20,aoe,normal,4,200,19,76,0.38,36,0.18,0.4737,0.5395,1598,2501,3538,0,1709.5,2720,929.5,780,0,0,0.9259,6.6184
standard20,aoe,normal,4,200,20,42,0.21,6,0.03,0.1429,0.1429,1337,2017.5,2633,129,902.5,2505,852.5,0,0,0,1.3105,4.6667
standard20,aoe,hard,1,200,1,200,1,0,0,0,0,149,149,299,249,249,249,144,105,0,0,0.1891,0
standard20,aoe,hard,1,200,2,200,1,0,0,0,0,271,421,421,272,272,272,162,110,0,0,0.2455,0
standard20,aoe,hard,1,200,3,200,1,0,0,0,0,277,327,327,306,306,306,191,115,0,0,0.2293,0
standard20,aoe,hard,1,200,4,200,1,0,0,0,0,327,377,377,350,350,350,230,120,0,0,0.2667,0
standard20,aoe,hard,1,200,5,200,1,0,0,0,0.12,220,470,520,285,443,443,318,125,0,0,0.3363,1.22
standard20,aoe,hard,1,200,6,200,1,0,0,0,0.085,220,270,370,450,450,450,320,130,0,0,0.2993,0.155
standard20,aoe,hard,1,200,7,200,1,0,0,0,0,204,304,454,534,534,534,399,135,0,0,0.3464,0
standard20,aoe,hard,1,200,8,200,1,0,0,0,0,185,285,377,581,581,581,441,140,0,0,0.3644,0
standard20,aoe,hard,1,200,9,200,1,0,0,0,0,248,348,440,663,663,663,518,145,0,0,0.4124,0
standard20,aoe,hard,1,200,10,200,1,0,0,0,1,282,374,432,334,334,334,184,150,0,0,0.7306,34
standard20,aoe,hard,1,200,11,200,1,0,0,0,0.98,189,347,447,623,644,749,489,155,0,0,0.5178,11.34
standard20,aoe,hard,1,200,12,200,1,0,0,0,0,229,271,435,824,824,824,664,160,0,0,0.5258,0
standard20,aoe,hard,1,200,13,200,1,0,0,0,0,265,307,371,936,936,936,771,165,0,0,0.5881,0
standard20,aoe,hard,1,200,14,200,1,0,0,0,0.025,198,453,577,991,991,991,821,170,0,0,0.6384,0.05
standard20,aoe,hard,1,200,15,200,1,0,0,0,0,238,359,599,982,982,982,807,175,0,0,0.6173,0
standard20,aoe,hard,1,200,16,200,1,0,0,0,1,199,347.5,546,629,711,793,531,180,0,0,0.7865,29.465
standard20,aoe,hard,1,200,17,200,1,0,0,0,0.665,262,372,573,917,1029,1114,844,185,0,0,0.8267,3.51
standard20,aoe,hard,1,200,18,200,1,25,0.125,0.125,0.98,253,384,514,1131,1244,1341,1054,190,0,0,0.9085,8.78
standard20,aoe,hard,1,200,19,189,0.945,84,0.42,0.4444,0.6402,66,311,530,510,720,1211,686,0,0,0,0.909,6.4074
standard20,aoe,hard,1,200,20,93,0.465,87,0.435,0.9355,0.9785,37,228,323,217,664,934,464,200,0,0,1.1935,26.2366
standard20,aoe,hard,2,200,1,200,1,0,0,0,0,306,456,606,506,506,506,296,210,0,0,0.2107,0
standard20,aoe,hard,2,200,2,200,1,0,0,0,0,418,568,718,562,562,562,342,220,0,0,0.2232,0
standard20,aoe,hard,2,200,3,200,1,0,0,0,0,391,591,741,623,623,623,393,230,0,0,0.2342,0
standard20,aoe,hard,2,200,4,200,1,0,0,0,0,419,569,769,728,728,728,488,240,0,0,0.2629,0
standard20,aoe,hard,2,200,5,200,1,0,0,0,0,478,828,1028,909,909,909,659,250,0,0,0.3384,0
standard20,aoe,hard,2,200,6,200,1,0,0,0,0,475,625,775,947,947,947,687,260,0,0,0.3115,0
standard20,aoe,hard,2,200,7,200,1,0,0,0,0,471,631,831,1106,1106,1106,836,270,0,0,0.357,0
standard20,aoe,hard,2,200,8,200,1,0,0,0,0,468,628,778,1197,1197,1197,917,280,0,0,0.3725,0
standard20,aoe,hard,2,200,9,200,1,0,0,0,0,505,705,905,1377,1377,1377,1087,290,0,0,0.4221,0
standard20,aoe,hard,2,200,10,200,1,0,0,0,1,439,589,739,684,684,684,384,300,0,0,0.7334,34
standard20,aoe,hard,2,200,11,200,1,0,0,0,1,489,639,839,1200,1200,1245,890,310,0,0,0.5354,19.01
standard20,aoe,hard,2,200,12,200,1,0,0,0,0,560,760,955,1721,1721,1721,1401,320,0,0,0.5514,0
standard20,aoe,hard,2,200,13,200,1,0,0,0,0,499,764,949,1939,1939,1939,1609,330,0,0,0.6123,0
standard20,aoe,hard,2,200,14,200,1,0,0,0,0.11,570,805,1050,2022,2071,2071,1731,340,0,0,0.6511,0.37
standard20,aoe,hard,2,200,15,200,1,0,0,0,0.2,568,828,1155,1598,2045,2045,1695,350,0,0,0.6346,2
standard20,aoe,hard,2,200,16,200,1,38,0.19,0.19,1,533,839.5,1061,893,1226,1410,866,360,0,0,0.8261,34.415
standard20,aoe,hard,2,200,17,200,1,43,0.215,0.215,0.745,411,761,1107,0,1552,1907,1182,370,0,0,0.8673,5.05
standard20,aoe,hard,2,200,18,159,0.795,84,0.42,0.5283,0.7484,345,668,1210,59,2197,2883,2177,0,0,0,0.9418,5.3019
standard20,aoe,hard,2,200,19,61,0.305,11,0.055,0.1803,0.2131,285,763,1240,43,1652,2002,1262,390,0,0,0.9179,1.8852
standard20,aoe,hard,2,200,20,35,0.175,24,0.12,0.6857,0.6857,230,569,989,63,1736,2255,1336,400,0,0,1.2194,19.1429
standard20,aoe,hard,4,200,1,200,1,0,0,0,0,770,1070,1220,1020,1020,1020,600,420,0,0,0.2248,0
standard20,aoe,hard,4,200,2,200,1,0,0,0,0,1012,1162,1462,1142,1142,1142,702,440,0,0,0.2304,0
standard20,aoe,hard,4,200,3,200,1,0,0,0,0,930,1180,1430,1268,1268,1268,808,460,0,0,0.2376,0
standard20,aoe,hard,4,200,4,200,1,0,0,0,0,914,1164,1364,1484,1484,1484,1004,480,0,0,0.2666,0
standard20,aoe,hard,4,200,5,200,1,0,0,0,0,1372,1722,1972,1858,1858,1858,1358,500,0,0,0.3451,0
standard20,aoe,hard,4,200,6,200,1,0,0,0,0,985,1235,1435,1913,1913,1913,1393,520,0,0,0.3148,0
standard20,aoe,hard,4,200,7,200,1,0,0,0,0,1125,1425,1725,2250,2250,2250,1710,540,0,0,0.3645,0
standard20,aoe,hard,4,200,8,200,1,0,0,0,0,1178,1468,1768,2443,2443,2443,1883,560,0,0,0.3815,0
standard20,aoe,hard,4,200,9,200,1,0,0,0,0,1330,1795,2170,2802,2802,2802,2222,580,0,0,0.435,0
standard20,aoe,hard,4,200,10,200,1,0,0,0,1,1194,1594,1894,1384,1384,1384,784,600,0,0,0.7557,34
standard20,aoe,hard,4,200,11,200,1,0,0,0,1,1362,1701,2211,2236,2327,2509,1707,620,0,0,0.5529,21.02
standard20,aoe,hard,4,200,12,200,1,0,0,0,0.1,1425,1924,2458,3193,3507,3507,2867,640,0,0,0.5708,0.375
standard20,aoe,hard,4,200,13,200,1,0,0,0,0,1547,2042,2581,3930,3930,4244,3270,660,0,0,0.6312,0
standard20,aoe,hard,4,200,14,200,1,0,0,0,0.77,1536,2143,2665,3822,4022,4222,3342,680,0,0,0.6722,3.58
standard20,aoe,hard,4,200,15,200,1,0,0,0,0.07,1654,2392.5,3071,4147,4147,4147,3447,700,0,0,0.659,0.7
standard20,aoe,hard,4,200,16,200,1,84,0.42,0.42,1,1621,2333.5,2898,1729,2057,2762,1337,720,0,0,0.8608,34.9
standard20,aoe,hard,4,200,17,192,0.96,54,0.27,0.2813,0.5365,1203,2197,3055,0,2435,3757,1695,740,0,0,0.8825,2.9688
standard20,aoe,hard,4,200,18,116,0.58,61,0.305,0.5259,0.5345,1228,1921.5,2557,818,3306,5296,3306,0,0,0,0.9481,5.4914
standard20,aoe,hard,4,200,19,23,0.115,0,0,0,0.0435,1035,1835,2506,0,88,201,88,0,0,0,0.231,0.1304
standard20,aoe,hard,4,200,20,1,0.005,1,0.005,1,1,3121,3121,3121,4567,4567,4567,3767,800,0,0,1.3092,10
standard20,aoe,nightmare,1,200,1,200,1,0,0,0,0,149,149,299,249,249,249,144,105,0,0,0.1964,0
standard20,aoe,nightmare,1,200,2,200,1,0,0,0,0,271,421,421,272,272,272,162,110,0,0,0.2536,0
standard20,aoe,nightmare,1,200,3,200,1,0,0,0,0,277,327,327,306,306,306,191,115,0,0,0.242,0
standard20,aoe,nightmare,1,200,4,200,1,0,0,0,0,327,377,377,350,350,350,230,120,0,0,0.2789,0
standard20,aoe,nightmare,1,200,5,200,1,0,0,0,0.115,220,470,520,285,443,443,318,125,0,0,0.3502,1.17
standard20,aoe,nightmare,1,200,6,200,1,0,0,0,0.11,220,270,370,436,450,450,320,130,0,0,0.3093,0.23
standard20,aoe,nightmare,1,200,7,200,1,0,0,0,0,204,296,454,534,534,534,399,135,0,0,0.3618,0
standard20,aoe,nightmare,1,200,8,200,1,0,0,0,0,185,277,335,581,581,581,441,140,0,0,0.3751,0
standard20,aoe,nightmare,1,200,9,200,1,0,0,0,0,248,340,398,663,663,663,518,145,0,0,0.4287,0
standard20,aoe,nightmare,1,200,10,200,1,0,0,0,1,282,368,432,334,334,334,184,150,0,0,0.7598,34
standard20,aoe,nightmare,1,200,11,200,1,0,0,0,0.995,205,336.5,446,623,623,728,468,155,0,0,0.5411,13.12
standard20,aoe,nightmare,1,200,12,200,1,0,0,0,0,229,250,508,824,824,824,664,160,0,0,0.5445,0
standard20,aoe,nightmare,1,200,13,200,1,0,0,0,0,265,286,444,936,936,936,771,165,0,0,0.6125,0
standard20,aoe,nightmare,1,200,14,200,1,0,0,0,0.055,290,513,556,991,991,991,821,170,0,0,0.6743,0.12
standard20,aoe,nightmare,1,200,15,200,1,0,0,0,0.005,296,338,572,982,982,982,807,175,0,0,0.6399,0.05
standard20,aoe,nightmare,1,200,16,200,1,0,0,0,1,199,449,567,591,692,711,512,180,0,0,0.8278,31.235
standard20,aoe,nightmare,1,200,17,200,1,1,0.005,0.005,0.67,243,400.5,564,833,945,1111,760,185,0,0,0.8633,4.24
standard20,aoe,nightmare,1,200,18,200,1,82,0.41,0.41,0.995,187,360,540,967,1218.5,1353,1055,190,0,0,0.9479,9.63
standard20,aoe,nightmare,1,200,19,149,0.745,65,0.325,0.4362,0.5973,49,240,539,20,620,1135,620,0,0,0,0.9424,5.8658
standard20,aoe,nightmare,1,200,20,62,0.31,52,0.26,0.8387,0.8387,31,209,310,90,750.5,904,554,200,0,0,1.2412,26.1935
standard20,aoe,nightmare,2,200,1,200,1,0,0,0,0,306,456,606,506,506,506,296,210,0,0,0.2185,0
standard20,aoe,nightmare,2,200,2,200,1,0,0,0,0,418,568,718,562,562,562,342,220,0,0,0.234,0
standard20,aoe,nightmare,2,200,3,200,1,0,0,0,0,441,591,741,623,623,623,393,230,0,0,0.2439,0
standard20,aoe,nightmare,2,200,4,200,1,0,0,0,0,419,569,719,728,728,728,488,240,0,0,0.2722,0
standard20,aoe,nightmare,2,200,5,200,1,0,0,0,0,478,828,1028,909,909,909,659,250,0,0,0.3522,0
standard20,aoe,nightmare,2,200,6,200,1,0,0,0,0,425,625,775,947,947,947,687,260,0,0,0.3232,0
standard20,aoe,nightmare,2,200,7,200,1,0,0,0,0,431,631,831,1106,1106,1106,836,270,0,0,0.3711,0
standard20,aoe,nightmare,2,200,8,200,1,0,0,0,0,478,628,778,1197,1197,1197,917,280,0,0,0.3874,0
standard20,aoe,nightmare,2,200,9,200,1,0,0,0,0,505,705,855,1377,1377,1377,1087,290,0,0,0.4386,0
standard20,aoe,nightmare,2,200,10,200,1,0,0,0,1,439,589,739,684,684,684,384,300,0,0,0.7623,34
standard20,aoe,nightmare,2,200,11,200,1,0,0,0,1,489,644,839,1155,1200,1245,890,310,0,0,0.5573,19.47
standard20,aoe,nightmare,2,200,12,200,1,0,0,0,0,560,762.5,1010,1721,1721,1721,1401,320,0,0,0.5728,0
standard20,aoe,nightmare,2,200,13,200,1,0,0,0,0,534,749,994,1939,1939,1939,1609,330,0,0,0.6354,0
standard20,aoe,nightmare,2,200,14,200,1,0,0,0,0.205,605,850,1075,2022,2071,2071,1731,340,0,0,0.6785,0.71
standard20,aoe,nightmare,2,200,15,200,1,0,0,0,0.265,575,835,1260,1598,2045,2045,1695,350,0,0,0.6653,2.655
standard20,aoe,nightmare,2,200,16,200,1,52,0.26,0.26,1,537,821,1076,853,1186,1358,826,360,0,0,0.8638,34.835
standard20,aoe,nightmare,2,200,17,200,1,59,0.295,0.295,0.69,401,783.5,1087,0,1493,1784,1123,370,0,0,0.9061,5.045
standard20,aoe,nightmare,2,200,18,142,0.71,72,0.36,0.507,0.6268,287,583.5,1047,59,1890,2717,1890,0,0,0,0.975,4.1479
standard20,aoe,nightmare,2,200,19,32,0.16,7,0.035,0.2188,0.2813,238,799,1218,43,1518,1801,1128,390,0,0,0.953,3.1875
standard20,aoe,nightmare,2,200,20,17,0.085,10,0.05,0.5882,0.5882,89,713,1041,189,1233,2444,833,400,0,0,1.28,21.5294
standard20,aoe,nightmare,4,200,1,200,1,0,0,0,0,770,1070,1220,1020,1020,1020,600,420,0,0,0.2329,0
standard20,aoe,nightmare,4,200,2,200,1,0,0,0,0,1012,1162,1462,1142,1142,1142,702,440,0,0,0.2394,0
standard20,aoe,nightmare,4,200,3,200,1,0,0,0,0,980,1130,1380,1268,1268,1268,808,460,0,0,0.2452,0
standard20,aoe,nightmare,4,200,4,200,1,0,0,0,0,914,1164,1414,1484,1484,1484,1004,480,0,0,0.2769,0
standard20,aoe,nightmare,4,200,5,200,1,0,0,0,0,1372,1772,1972,1858,1858,1858,1358,500,0,0,0.3608,0
standard20,aoe,nightmare,4,200,6,200,1,0,0,0,0,985,1230,1435,1913,1913,1913,1393,520,0,0,0.327,0
standard20,aoe,nightmare,4,200,7,200,1,0,0,0,0,1085,1425,1735,2250,2250,2250,1710,540,0,0,0.3795,0
standard20,aoe,nightmare,4,200,8,200,1,0,0,0,0,1168,1468,1818,2443,2443,2443,1883,560,0,0,0.3969,0
standard20,aoe,nightmare,4,200,9,200,1,0,0,0,0,1380,1760,2130,2802,2802,2802,2222,580,0,0,0.451,0
standard20,aoe,nightmare,4,200,10,200,1,0,0,0,1,1134,1494,1854,1384,1384,1384,784,600,0,0,0.7814,34
standard20,aoe,nightmare,4,200,11,200,1,0,0,0,1,1312,1701,2186,2236,2327,2509,1707,620,0,0,0.5739,21.14
standard20,aoe,nightmare,4,200,12,200,1,0,0,0,0.15,1435,1922,2450,3193,3193,3507,2553,640,0,0,0.5941,0.555
standard20,aoe,nightmare,4,200,13,200,1,0,0,0,0,1534,2115.5,2618,3930,3982.5,4244,3322.5,660,0,0,0.6574,0
standard20,aoe,nightmare,4,200,14,200,1,0,0,0,0.89,1569,2127,2685,3822,4022,4222,3342,680,0,0,0.7,4.46
standard20,aoe,nightmare,4,200,15,200,1,0,0,0,0.085,1737,2438,3122,3232,4147,4147,3447,700,0,0,0.6858,0.865
standard20,aoe,nightmare,4,200,16,200,1,100,0.5,0.5,1,1535,2294,3009,1647,1975,2762,1255,720,0,0,0.8951,34.5
standard20,aoe,nightmare,4,200,17,185,0.925,41,0.205,0.2216,0.4541,1135,2130,3082,0,2435,3636,1695,740,0,0,0.9101,2.6919
standard20,aoe,nightmare,4,200,18,100,0.5,58,0.29,0.58,0.59,1120,1877.5,2829,730,3498,5150,3498,0,0,0,1.0078,5.38
standard20,aoe,nightmare,4,200,19,15,0.075,1,0.005,0.0667,0.0667,1368,1947,2379,0,113,641,113,0,0,0,0.2404,0.7333
standard20,aoe,nightmare,4,200,20,1,0.005,0,0,0,0,844,844,844,0,0,0,0,0,0,0,1.3894,0
standard20,upgrade,normal,1,200,1,200,1,0,0,0,0,299,299,299,249,249,249,144,105,0,0,0.2105,0
standard20,upgrade,normal,1,200,2,200,1,0,0,0,0,271,271,271,272,272,272,162,110,0,0,0.2088,0
standard20,upgrade,normal,1,200,3,200,1,0,0,0,0,577,577,577,306,306,306,191,115,0,0,0.2664,0
standard20,upgrade,normal,1,200,4,200,1,0,0,0,0,477,477,477,350,350,350,230,120,0,0,0.2741,0
standard20,upgrade,normal,1,200,5,200,1,0,0,0,0.155,270,520,520,265,443,443,318,125,0,0,0.3357,1.745
standard20,upgrade,normal,1,200,6,200,1,0,0,0,0.01,522,570,720,450,450,450,320,130,0,0,0.3276,0.02
standard20,upgrade,normal,1,200,7,200,1,0,0,0,0,366,544,604,534,534,534,399,135,0,0,0.3654,0
standard20,upgrade,normal,1,200,8,200,1,0,0,0,0.265,277,325,385,543,581,581,441,140,0,0,0.3573,1.36
standard20,upgrade,normal,1,200,9,200,1,0,0,0,0,338,428,503,663,663,663,518,145,0,0,0.4077,0
standard20,upgrade,normal,1,200,10,200,1,0,0,0,0.985,362,422,724,334,334,334,184,150,0,0,0.7164,33.49
standard20,upgrade,normal,1,200,11,200,1,0,0,0,0.95,211,578,676,560,644,749,489,155,0,0,0.5295,13.7
standard20,upgrade,normal,1,200,12,200,1,0,0,0,0,235,439,782,824,824,824,664,160,0,0,0.527,0
standard20,upgrade,normal,1,200,13,200,1,0,0,0,0,335,446,650,936,936,936,771,165,0,0,0.5886,0
standard20,upgrade,normal,1,200,14,200,1,0,0,0,0.4,253,649,805,830,991,991,821,170,0,0,0.6472,3.96
standard20,upgrade,normal,1,200,15,200,1,0,0,0,0,230,449.5,956,982,982,982,807,175,0,0,0.6027,0
standard20,upgrade,normal,1,200,16,200,1,11,0.055,0.055,0.86,290,567,799,900,1025,1125,845,180,0,0,0.7642,8.13
standard20,upgrade,normal,1,200,17,199,0.995,0,0,0,0,265,690,957,1199,1249,1274,1064,185,0,0,0.7944,0
standard20,upgrade,normal,1,200,18,189,0.945,19,0.095,0.1005,0.7672,325,626,935,963,1151,1289,961,190,0,0,0.8561,7.8677
standard20,upgrade,normal,1,200,19,177,0.885,0,0,0,0.0056,408,758,1006,1175,1295,1367,1100,195,0,0,0.8606,0.0565
standard20,upgrade,normal,1,200,20,170,0.85,79,0.395,0.4647,1,107,480.5,660,664,664,754,464,200,0,0,1.146,34
standard20,upgrade,normal,2,200,1,200,1,0,0,0,0,606,606,606,506,506,506,296,210,0,0,0.2232,0
standard20,upgrade,normal,2,200,2,200,1,0,0,0,0,568,568,868,562,562,562,342,220,0,0,0.2196,0
standard20,upgrade,normal,2,200,3,200,1,0,0,0,0,741,741,741,623,623,623,393,230,0,0,0.2397,0
standard20,upgrade,normal,2,200,4,200,1,0,0,0,0,619,1019,1019,728,728,728,488,240,0,0,0.2871,0
standard20,upgrade,normal,2,200,5,200,1,0,0,0,0,1018,1128,1278,909,909,909,659,250,0,0,0.3536,0
standard20,upgrade,normal,2,200,6,200,1,0,0,0,0,715,865,1175,947,947,947,687,260,0,0,0.3166,0
standard20,upgrade,normal,2,200,7,200,1,0,0,0,0,521,921,1321,1106,1106,1106,836,270,0,0,0.3618,0
standard20,upgrade,normal,2,200,8,200,1,0,0,0,0.02,668,1008,1158,1197,1197,1197,917,280,0,0,0.381,0.06
standard20,upgrade,normal,2,200,9,200,1,0,0,0,0,585,1029.5,1205,1377,1377,1377,1087,290,0,0,0.425,0
standard20,upgrade,normal,2,200,10,200,1,0,0,0,0.795,559,809,1179,684,684,684,384,300,0,0,0.7278,27.03
standard20,upgrade,normal,2,200,11,200,1,0,0,0,0.71,593,906.5,1259,1335,1560,3048,1250,310,0,0,0.5107,5.7
standard20,upgrade,normal,2,200,12,200,1,0,0,0,0,730,1032.5,1348,1721,1721,1721,1401,320,0,0,0.53,0
standard20,upgrade,normal,2,200,13,200,1,0,0,0,0,652,1011.5,1374,1939,1939,1939,1609,330,0,0,0.5882,0
standard20,upgrade,normal,2,200,14,200,1,0,0,0,0.085,748,1060,1450,2071,2071,2071,1731,340,0,0,0.6275,0.35
standard20,upgrade,normal,2,200,15,200,1,0,0,0,0,753,1163,1649,2045,2045,2045,1695,350,0,0,0.6115,0
standard20,upgrade,normal,2,200,16,200,1,0,0,0,0.18,732,1156.5,1589,2137,2397,2449,2037,360,0,0,0.7551,1.2
standard20,upgrade,normal,2,200,17,200,1,0,0,0,0,839,1369.5,1857,2500,2552,2708,2182,370,0,0,0.7757,0
standard20,upgrade,normal,2,200,18,200,1,0,0,0,0.195,771,1330.5,1812,2447,2710,2710,2330,380,0,0,0.8495,1.195
standard20,upgrade,normal,2,200,19,200,1,0,0,0,0,920,1504,2130,2160,2656,2766,2266,390,0,0,0.8485,0
standard20,upgrade,normal,2,200,20,200,1,6,0.03,0.03,1,364,988,1627,1374,1374,1877,974,400,0,0,1.1404,34
standard20,upgrade,normal,4,200,1,200,1,0,0,0,0,920,1220,1220,1020,1020,1020,600,420,0,0,0.2274,0
standard20,upgrade,normal,4,200,2,200,1,0,0,0,0,1162,1462,1462,1142,1142,1142,702,440,0,0,0.2374,0
standard20,upgrade,normal,4,200,3,200,1,0,0,0,0,1080,1530,1830,1268,1268,1268,808,460,0,0,0.2447,0
standard20,upgrade,normal,4,200,4,200,1,0,0,0,0,1364,1764,2164,1484,1484,1484,1004,480,0,0,0.2811,0
standard20,upgrade,normal,4,200,5,200,1,0,0,0,0,1962,2322,2722,1858,1858,1858,1358,500,0,0,0.3594,0
standard20,upgrade,normal,4,200,6,200,1,0,0,0,0,1515,1865,2275,1913,1913,1913,1393,520,0,0,0.3236,0
standard20,upgrade,normal,4,200,7,200,1,0,0,0,0,1320,1730,2175,2250,2250,2250,1710,540,0,0,0.3626,0
standard20,upgrade,normal,4,200,8,200,1,0,0,0,0,1498,1888,2298,2443,2443,2443,1883,560,0,0,0.3801,0
standard20,upgrade,normal,4,200,9,200,1,0,0,0,0,1465,1900,2440,2802,2802,2802,2222,580,0,0,0.4248,0
standard20,upgrade,normal,4,200,10,200,1,0,0,0,0.955,1354,1874,2319,1384,1384,1384,784,600,0,0,0.7444,32.47
standard20,upgrade,normal,4,200,11,200,1,0,0,0,0.275,1437,1906,2421,3055,3328,3328,2708,620,0,0,0.5182,1.32
standard20,upgrade,normal,4,200,12,200,1,0,0,0,0,1694,2181.5,2644,3507,3507,3507,2867,640,0,0,0.5361,0
standard20,upgrade,normal,4,200,13,200,1,0,0,0,0,1606,2109,2634,3930,3930,3930,3270,660,0,0,0.5943,0
standard20,upgrade,normal,4,200,14,200,1,0,0,0,0,1671,2298,2839,4222,4222,4222,3542,680,0,0,0.6342,0
standard20,upgrade,normal,4,200,15,200,1,0,0,0,0,1838,2501,3153,4147,4147,4147,3447,700,0,0,0.6206,0
standard20,upgrade,normal,4,200,16,200,1,0,0,0,0.005,1729,2426,3192,4563,4987,4987,4267,720,0,0,0.7609,0.01
standard20,upgrade,normal,4,200,17,200,1,0,0,0,0,1937,2867,3587,4738,5102,5420,4362,740,0,0,0.7855,0
standard20,upgrade,normal,4,200,18,200,1,0,0,0,0.005,2048,2943.5,3681,5328,5554,5918,4794,760,0,0,0.8594,0.01
standard20,upgrade,normal,4,200,19,200,1,0,0,0,0.01,2089,2897,3746,3230,3850.5,5035,3070.5,780,0,0,0.8698,0.1
standard20,upgrade,normal,4,200,20,200,1,0,0,0,1,1311,2175.5,3201,3180,4598,4985,3798,800,0,0,1.1505,34.05
standard20,upgrade,hard,1,200,1,200,1,0,0,0,0,299,299,299,249,249,249,144,105,0,0,0.2189,0
standard20,upgrade,hard,1,200,2,200,1,0,0,0,0,271,271,271,272,272,272,162,110,0,0,0.216,0
standard20,upgrade,hard,1,200,3,200,1,0,0,0,0,577,577,577,306,306,306,191,115,0,0,0.2752,0
standard20,upgrade,hard,1,200,4,200,1,0,0,0,0.565,401,458,477,274,331,350,211,120,0,0,0.2824,1.475
standard20,upgrade,hard,1,200,5,200,1,0,0,0,0.76,343,520,724,245,285,443,160,125,0,0,0.3443,7.48
standard20,upgrade,hard,1,200,6,200,1,0,0,0,0.09,393,471,570,450,450,450,320,130,0,0,0.3352,0.26
standard20,upgrade,hard,1,200,7,200,1,0,0,0,0,199,386,544,534,534,534,399,135,0,0,0.3735,0
standard20,upgrade,hard,1,200,8,200,1,0,0,0,0.345,167,279,553,448,581,581,441,140,0,0,0.383,4.05
standard20,upgrade,hard,1,200,9,200,1,0,0,0,0,233,428,695,663,663,663,518,145,0,0,0.4257,0
standard20,upgrade,hard,1,200,10,200,1,0,0,0,0.7,362,476,626,334,334,334,184,150,0,0,0.7776,23.8
standard20,upgrade,hard,1,200,11,200,1,0,0,0,0.865,391,551,648,602,749,1457,594,155,0,0,0.5456,7.44
standard20,upgrade,hard,1,200,12,200,1,0,0,0,0.01,257,618.5,786,824,824,824,664,160,0,0,0.5733,0.015
standard20,upgrade,hard,1,200,13,200,1,0,0,0,0.03,280,413.5,569,936,936,936,771,165,0,0,0.6064,0.065
standard20,upgrade,hard,1,200,14,200,1,0,0,0,0.78,300,639,806,807,922,991,752,170,0,0,0.6731,7.24
standard20,upgrade,hard,1,200,15,200,1,0,0,0,0,239,668.5,954,982,982,982,807,175,0,0,0.6289,0
standard20,upgrade,hard,1,200,16,200,1,16,0.08,0.08,0.655,301,494.5,833,925,1075,1150,895,180,0,0,0.7885,6.52
standard20,upgrade,hard,1,200,17,198,0.99,0,0,0,0,269,778,998,1114,1224,1299,1039,185,0,0,0.8244,0
standard20,upgrade,hard,1,200,18,184,0.92,26,0.13,0.1413,0.9891,265,558.5,1015,883,1003,1085,815,190,0,0,0.883,15.2554
standard20,upgrade,hard,1,200,19,169,0.845,0,0,0,0,304,533,1202,1135,1315,1381,1120,195,0,0,0.8801,0
standard20,upgrade,hard,1,200,20,158,0.79,96,0.48,0.6076,1,31,265,1044,664,664,754,464,200,0,0,1.1804,34
standard20,upgrade,hard,2,200,1,200,1,0,0,0,0,606,606,606,506,506,506,296,210,0,0,0.2274,0
standard20,upgrade,hard,2,200,2,200,1,0,0,0,0,568,868,868,562,562,562,342,220,0,0,0.2536,0
standard20,upgrade,hard,2,200,3,200,1,0,0,0,0,741,741,741,623,623,623,393,230,0,0,0.2461,0
standard20,upgrade,hard,2,200,4,200,1,0,0,0,0.045,619,1019,1019,728,728,728,488,240,0,0,0.2976,0.045
standard20,upgrade,hard,2,200,5,200,1,0,0,0,0,1018,1128,1278,909,909,909,659,250,0,0,0.3626,0
standard20,upgrade,hard,2,200,6,200,1,0,0,0,0,715,865,1175,947,947,947,687,260,0,0,0.3253,0
standard20,upgrade,hard,2,200,7,200,1,0,0,0,0,611,921,1261,1106,1106,1106,836,270,0,0,0.3731,0
standard20,upgrade,hard,2,200,8,200,1,0,0,0,0.1,668,1008,1158,1156,1197,1197,917,280,0,0,0.3911,0.34
standard20,upgrade,hard,2,200,9,200,1,0,0,0,0,685,1025,1175,1377,1377,1377,1087,290,0,0,0.4372,0
standard20,upgrade,hard,2,200,10,200,1,0,0,0,0.185,499,965.5,1209,684,684,684,384,300,0,0,0.7623,6.29
standard20,upgrade,hard,2,200,11,200,1,0,0,0,0.29,629,962,1357,1605,3093,3093,2783,310,0,0,0.476,1.65
standard20,upgrade,hard,2,200,12,200,1,0,0,0,0,703,1068,1388,1721,1721,1721,1401,320,0,0,0.4938,0
standard20,upgrade,hard,2,200,13,200,1,0,0,0,0,667,997,1427,1939,1939,1939,1609,330,0,0,0.5553,0
standard20,upgrade,hard,2,200,14,200,1,0,0,0,0.16,755,1125,1503,1973,2071,2071,1731,340,0,0,0.599,0.78
standard20,upgrade,hard,2,200,15,200,1,0,0,0,0,758,1098,1678,2045,2045,2045,1695,350,0,0,0.5882,0
standard20,upgrade,hard,2,200,16,200,1,0,0,0,0.11,747,1168,1702,2241,2449,2449,2089,360,0,0,0.7307,0.62
standard20,upgrade,hard,2,200,17,200,1,0,0,0,0,832,1360,1738,2500,2500,2656,2130,370,0,0,0.7556,0
standard20,upgrade,hard,2,200,18,200,1,0,0,0,0.625,776,1342.5,1906,2153,2392,2600,2012,380,0,0,0.8444,5.435
standard20,upgrade,hard,2,200,19,200,1,0,0,0,0,888,1530.5,2198,2364,2775.5,2926,2385.5,390,0,0,0.8379,0
standard20,upgrade,hard,2,200,20,200,1,10,0.05,0.05,1,377,944.5,1532,1374,1374,1877,974,400,0,0,1.1319,34
standard20,upgrade,hard,4,200,1,200,1,0,0,0,0,920,1220,1220,1020,1020,1020,600,420,0,0,0.2337,0
standard20,upgrade,hard,4,200,2,200,1,0,0,0,0,1162,1462,1762,1142,1142,1142,702,440,0,0,0.2451,0
standard20,upgrade,hard,4,200,3,200,1,0,0,0,0,1080,1530,1830,1268,1268,1268,808,460,0,0,0.2517,0
standard20,upgrade,hard,4,200,4,200,1,0,0,0,0,1314,1764,2164,1484,1484,1484,1004,480,0,0,0.289,0
standard20,upgrade,hard,4,200,5,200,1,0,0,0,0,1862,2292,2772,1858,1858,1858,1358,500,0,0,0.3683,0
standard20,upgrade,hard,4,200,6,200,1,0,0,0,0,1435,1775,2275,1913,1913,1913,1393,520,0,0,0.3304,0
standard20,upgrade,hard,4,200,7,200,1,0,0,0,0,1395,1832.5,2205,2250,2250,2250,1710,540,0,0,0.3758,0
standard20,upgrade,hard,4,200,8,200,1,0,0,0,0,1488,1853,2298,2443,2443,2443,1883,560,0,0,0.3909,0
standard20,upgrade,hard,4,200,9,200,1,0,0,0,0,1510,1892.5,2380,2802,2802,2802,2222,580,0,0,0.4373,0
standard20,upgrade,hard,4,200,10,200,1,0,0,0,0.765,1284,1819,2289,1384,1384,1384,784,600,0,0,0.7643,26.01
standard20,upgrade,hard,4,200,11,200,1,0,0,0,0.14,1406,1952,2572,3237,3328,6282,2708,620,0,0,0.5336,0.59
standard20,upgrade,hard,4,200,12,200,1,0,0,0,0,1689,2126.5,2709,3507,3507,3507,2867,640,0,0,0.5478,0
standard20,upgrade,hard,4,200,13,200,1,0,0,0,0,1584,2139,2679,3930,3930,3930,3270,660,0,0,0.61,0
standard20,upgrade,hard,4,200,14,200,1,0,0,0,0.015,1766,2218.5,2900,4222,4222,4222,3542,680,0,0,0.6487,0.04
standard20,upgrade,hard,4,200,15,200,1,0,0,0,0,1743,2562,3613,4147,4147,4147,3447,700,0,0,0.6366,0
standard20,upgrade,hard,4,200,16,200,1,0,0,0,0,1774,2549.5,3330,4987,4987,4987,4267,720,0,0,0.7807,0
standard20,upgrade,hard,4,200,17,200,1,0,0,0,0,1972,2751,3660,4738,5102,5102,4362,740,0,0,0.8016,0
standard20,upgrade,hard,4,200,18,200,1,0,0,0,0.35,2032,2849,3653,4562,4901,5353,4141,760,0,0,0.8896,2.265
standard20,upgrade,hard,4,200,19,200,1,0,0,0,0.045,1948,2753.5,3683,3408,3996,4697,3216,780,0,0,0.8992,0.415
standard20,upgrade,hard,4,200,20,200,1,1,0.005,0.005,1,1341,2302.5,3015,3954,4985,5372,4185,800,0,0,1.1851,34
standard20,upgrade,nightmare,1,200,1,200,1,0,0,0,0,299,299,299,249,249,249,144,105,0,0,0.2274,0
standard20,upgrade,nightmare,1,200,2,200,1,0,0,0,0,271,271,271,272,272,272,162,110,0,0,0.2232,0
standard20,upgrade,nightmare,1,200,3,200,1,0,0,0,0,577,577,577,306,306,306,191,115,0,0,0.2904,0
standard20,upgrade,nightmare,1,200,4,200,1,0,0,0,0.565,401,439,477,274,312,350,192,120,0,0,0.2953,1.6
standard20,upgrade,nightmare,1,200,5,200,1,0,0,0,0.795,362,665,724,245,285,443,160,125,0,0,0.4429,8.33
standard20,upgrade,nightmare,1,200,6,200,1,0,0,0,0.07,403,486,570,450,450,450,320,130,0,0,0.3685,0.24
standard20,upgrade,nightmare,1,200,7,200,1,0,0,0,0,199,366,544,534,534,534,399,135,0,0,0.3902,0
standard20,upgrade,nightmare,1,200,8,200,1,0,0,0,0.32,167,279,668,448,581,581,441,140,0,0,0.3943,3.34
standard20,upgrade,nightmare,1,200,9,200,1,0,0,0,0,250,428,704,663,663,663,518,145,0,0,0.4424,0
standard20,upgrade,nightmare,1,200,10,200,1,0,0,0,0.875,362,458.5,626,334,334,334,184,150,0,0,0.8196,29.75
standard20,upgrade,nightmare,1,200,11,200,1,0,0,0,0.89,406,543,643,581,728,1352,573,155,0,0,0.5767,9.72
standard20,upgrade,nightmare,1,200,12,200,1,0,0,0,0.015,386,650,781,824,824,824,664,160,0,0,0.5998,0.02
standard20,upgrade,nightmare,1,200,13,200,1,0,0,0,0.055,236,383,557,936,936,936,771,165,0,0,0.6315,0.105
standard20,upgrade,nightmare,1,200,14,200,1,0,0,0,0.885,378,595,747,784,876,991,706,170,0,0,0.6978,9.25
standard20,upgrade,nightmare,1,200,15,200,1,0,0,0,0,239,756,941,982,982,982,807,175,0,0,0.6955,0
standard20,upgrade,nightmare,1,200,16,200,1,20,0.1,0.1,0.765,263,450,835,900,1050,1150,870,180,0,0,0.8174,7.33
standard20,upgrade,nightmare,1,200,17,196,0.98,0,0,0,0,437,756,947,1056,1224,1299,1039,185,0,0,0.8617,0
standard20,upgrade,nightmare,1,200,18,180,0.9,46,0.23,0.2556,1,240,754,989,793,975,1079,791,190,0,0,0.9792,16.1444
standard20,upgrade,nightmare,1,200,19,157,0.785,0,0,0,0,199,511,1133,40,1315,1381,1120,195,0,0,0.9207,0
standard20,upgrade,nightmare,1,200,20,134,0.67,104,0.52,0.7761,1,44,247,1048,664,664,934,464,200,0,0,1.2263,34
standard20,upgrade,nightmare,2,200,1,200,1,0,0,0,0,606,606,606,506,506,506,296,210,0,0,0.2358,0
standard20,upgrade,nightmare,2,200,2,200,1,0,0,0,0,568,868,868,562,562,562,342,220,0,0,0.2659,0
standard20,upgrade,nightmare,2,200,3,200,1,0,0,0,0,741,741,741,623,623,623,393,230,0,0,0.2563,0
standard20,upgrade,nightmare,2,200,4,200,1,0,0,0,0.05,619,1019,1019,728,728,728,488,240,0,0,0.3082,0.065
standard20,upgrade,nightmare,2,200,5,200,1,0,0,0,0.005,947,1128,1278,909,909,909,659,250,0,0,0.3774,0.05
standard20,upgrade,nightmare,2,200,6,200,1,0,0,0,0,715,865,1175,947,947,947,687,260,0,0,0.3375,0
standard20,upgrade,nightmare,2,200,7,200,1,0,0,0,0,581,921,1261,1106,1106,1106,836,270,0,0,0.3878,0
standard20,upgrade,nightmare,2,200,8,200,1,0,0,0,0.155,608,1008,1158,1156,1197,1197,917,280,0,0,0.4069,0.56
standard20,upgrade,nightmare,2,200,9,200,1,0,0,0,0,525,1025,1175,1377,1377,1377,1087,290,0,0,0.4543,0
standard20,upgrade,nightmare,2,200,10,200,1,0,0,0,0.43,477,909,1209,684,684,684,384,300,0,0,0.7922,14.62
standard20,upgrade,nightmare,2,200,11,200,1,0,0,0,0.43,607,949,1376,1470,2958,3093,2648,310,0,0,0.5051,2.95
standard20,upgrade,nightmare,2,200,12,200,1,0,0,0,0,703,1031.5,1348,1721,1721,1721,1401,320,0,0,0.5202,0
standard20,upgrade,nightmare,2,200,13,200,1,0,0,0,0,667,989,1350,1939,1939,1939,1609,330,0,0,0.587,0
standard20,upgrade,nightmare,2,200,14,200,1,0,0,0,0.29,675,1109,1493,1924,2071,2071,1731,340,0,0,0.6352,1.44
standard20,upgrade,nightmare,2,200,15,200,1,0,0,0,0,778,1103.5,1498,2045,2045,2045,1695,350,0,0,0.6205,0
standard20,upgrade,nightmare,2,200,16,200,1,0,0,0,0.145,746,1162.5,1697,2241,2449,2449,2089,360,0,0,0.7753,0.84
standard20,upgrade,nightmare,2,200,17,200,1,0,0,0,0,854,1350,1843,2500,2500,2656,2130,370,0,0,0.8019,0
standard20,upgrade,nightmare,2,200,18,200,1,0,0,0,0.72,802,1364.5,1810,2074,2318,2514,1938,380,0,0,0.8943,7.375
standard20,upgrade,nightmare,2,200,19,200,1,0,0,0,0.005,858,1431,1974,2014,2785,2950,2395,390,0,0,0.8866,0.065
standard20,upgrade,nightmare,2,200,20,200,1,15,0.075,0.075,1,317,993.5,1509,1374,1374,2255,974,400,0,0,1.1926,34
standard20,upgrade,nightmare,4,200,1,200,1,0,0,0,0,920,1220,1220,1020,1020,1020,600,420,0,0,0.2421,0
standard20,upgrade,nightmare,4,200,2,200,1,0,0,0,0,1162,1462,1762,1142,1142,1142,702,440,0,0,0.2547,0
standard20,upgrade,nightmare,4,200,3,200,1,0,0,0,0,1080,1530,1830,1268,1268,1268,808,460,0,0,0.2619,0
standard20,upgrade,nightmare,4,200,4,200,1,0,0,0,0,1314,1764,2114,1484,1484,1484,1004,480,0,0,0.3001,0
standard20,upgrade,nightmare,4,200,5,200,1,0,0,0,0,1872,2372,2772,1858,1858,1858,1358,500,0,0,0.3865,0
standard20,upgrade,nightmare,4,200,6,200,1,0,0,0,0,1365,1830,2275,1913,1913,1913,1393,520,0,0,0.3451,0
standard20,upgrade,nightmare,4,200,7,200,1,0,0,0,0,1335,1865,2295,2250,2250,2250,1710,540,0,0,0.3923,0
standard20,upgrade,nightmare,4,200,8,200,1,0,0,0,0,1573,1838,2298,2443,2443,2443,1883,560,0,0,0.4063,0
standard20,upgrade,nightmare,4,200,9,200,1,0,0,0,0,1505,1940,2440,2802,2802,2802,2222,580,0,0,0.4555,0
standard20,upgrade,nightmare,4,200,10,200,1,0,0,0,0.895,1304,1784,2214,1384,1384,1384,784,600,0,0,0.7929,30.43
standard20,upgrade,nightmare,4,200,11,200,1,0,0,0,0.125,1437,1886,2422,3237,3328,6100,2708,620,0,0,0.5537,0.4
standard20,upgrade,nightmare,4,200,12,200,1,0,0,0,0,1764,2241.5,2734,3507,3507,3507,2867,640,0,0,0.5735,0
standard20,upgrade,nightmare,4,200,13,200,1,0,0,0,0,1629,2136.5,2743,3930,3930,3930,3270,660,0,0,0.6354,0
standard20,upgrade,nightmare,4,200,14,200,1,0,0,0,0.045,1755,2288.5,2830,4222,4222,4222,3542,680,0,0,0.6775,0.17
standard20,upgrade,nightmare,4,200,15,200,1,0,0,0,0,1832,2625.5,3423,4147,4147,4147,3447,700,0,0,0.6647,0
standard20,upgrade,nightmare,4,200,16,200,1,0,0,0,0.01,1838,2512,3165,4881,4987,4987,4267,720,0,0,0.8122,0.06
standard20,upgrade,nightmare,4,200,17,200,1,0,0,0,0,2023,2777,3451,4374,4821,5102,4081,740,0,0,0.8377,0
standard20,upgrade,nightmare,4,200,18,200,1,0,0,0,0.47,1977,2815,3514,4436,4930,5328,4170,760,0,0,0.9306,4.07
standard20,upgrade,nightmare,4,200,19,200,1,0,0,0,0.12,2020,2913,3814,3069,3840.5,4663,3060.5,780,0,0,0.944,1.125
standard20,upgrade,nightmare,4,200,20,200,1,1,0.005,0.005,1,1211,2213.5,3305,3954,4985,5372,4185,800,0,0,1.2358,34.2
standard20,wide,normal,1,200,1,200,1,0,0,0,1,177,195,195,177,195,195,90,105,0,0,0.2,3.305
standard20,wide,normal,1,200,2,200,1,0,0,0,1,113,359,395,182,200,236,90,110,0,0,0.261,3.845
standard20,wide,normal,1,200,3,200,1,0,0,0,1,301,343,392,223,248,280,133,115,0,0,0.2562,3.37
standard20,wide,normal,1,200,4,200,1,0,0,0,0.97,242,354,399,260,305,337,185,120,0,0,0.2913,3.37
standard20,wide,normal,1,200,5,200,1,0,0,0,0,159,198,342,443,443,443,318,125,0,0,0.3205,0
standard20,wide,normal,1,200,6,200,1,0,0,0,0.555,192,333,385,408,436,450,306,130,0,0,0.3276,1.005
standard20,wide,normal,1,200,7,200,1,0,0,0,0,228,269,407,534,534,534,399,135,0,0,0.3606,0
standard20,wide,normal,1,200,8,200,1,0,0,0,0.025,208,250,303,581,581,581,441,140,0,0,0.3727,0.07
standard20,wide,normal,1,200,9,200,1,0,0,0,0,269,313,366,663,663,663,518,145,0,0,0.4191,0
standard20,wide,normal,1,200,10,200,1,0,0,0,0,973,1032,1084,1021,1021,1021,871,150,0,0,0.7413,0
standard20,wide,normal,1,200,11,200,1,0,0,0,0.04,199,244.5,423,791,791,791,636,155,0,0,0.4494,0.11
standard20,wide,normal,1,200,12,200,1,0,0,0,0,201,422,462,824,824,824,664,160,0,0,0.4755,0
standard20,wide,normal,1,200,13,200,1,0,0,0,0.52,233,338,398,717,918,936,753,165,0,0,0.5342,3.4
standard20,wide,normal,1,200,14,200,1,0,0,0,0.3,232,393.5,546,945,991,991,821,170,0,0,0.573,0.98
standard20,wide,normal,1,200,15,200,1,0,0,0,0,256,381.5,545,982,982,982,807,175,0,0,0.5703,0
standard20,wide,normal,1,200,16,200,1,0,0,0,0.855,207,375.5,555,975,1050,1150,870,180,0,0,0.7058,8.52
standard20,wide,normal,1,200,17,200,1,0,0,0,0.095,265,452,591,1114,1139,1224,954,185,0,0,0.7388,0.285
standard20,wide,normal,1,200,18,200,1,0,0,0,1,238,402.5,559,1015,1120,1216,930,190,0,0,0.8198,12.39
standard20,wide,normal,1,200,19,200,1,0,0,0,0.135,291,488.5,682,1095,1315,1355,1120,195,0,0,0.8245,1.28
standard20,wide,normal,1,200,20,200,1,32,0.16,0.16,0.91,106,448.5,1375,417,507,1343,307,200,0,0,1.1351,29.91
standard20,wide,normal,2,200,1,200,1,0,0,0,0,506,506,506,506,506,506,296,210,0,0,0.212,0
standard20,wide,normal,2,200,2,200,1,0,0,0,0,468,468,768,562,562,562,342,220,0,0,0.2112,0
standard20,wide,normal,2,200,3,200,1,0,0,0,0.18,464,691,791,596,623,623,393,230,0,0,0.2357,0.195
standard20,wide,normal,2,200,4,200,1,0,0,0,0.18,464,564,819,700,728,728,488,240,0,0,0.2568,0.235
standard20,wide,normal,2,200,5,200,1,0,0,0,0,428,614.5,728,909,909,909,659,250,0,0,0.316,0
standard20,wide,normal,2,200,6,200,1,0,0,0,0,448,575,775,947,947,947,687,260,0,0,0.3005,0
standard20,wide,normal,2,200,7,200,1,0,0,0,0,471,581,781,1106,1106,1106,836,270,0,0,0.3437,0
standard20,wide,normal,2,200,8,200,1,0,0,0,0.13,478,637,778,1156,1197,1197,917,280,0,0,0.3651,0.29
standard20,wide,normal,2,200,9,200,1,0,0,0,0,455,628,827,1377,1377,1377,1087,290,0,0,0.407,0
standard20,wide,normal,2,200,10,200,1,0,0,0,0,1854,2056,2213,2127,2127,2127,1827,300,0,0,0.7154,0
standard20,wide,normal,2,200,11,200,1,0,0,0,0.245,532,657.5,841,1560,1650,1650,1340,310,0,0,0.4454,0.72
standard20,wide,normal,2,200,12,200,1,0,0,0,0,508,693.5,903,1721,1721,1721,1401,320,0,0,0.466,0
standard20,wide,normal,2,200,13,200,1,0,0,0,0.075,552,755,999,1939,1939,1939,1609,330,0,0,0.528,0.31
standard20,wide,normal,2,200,14,200,1,0,0,0,0.78,569,816.5,1068,1826,1973,2071,1633,340,0,0,0.5728,4.07
standard20,wide,normal,2,200,15,200,1,0,0,0,0,598,860.5,1112,2045,2045,2045,1695,350,0,0,0.5622,0
standard20,wide,normal,2,200,16,200,1,0,0,0,0.98,595,829.5,1091,2033,2137,2293,1777,360,0,0,0.7056,9.87
standard20,wide,normal,2,200,17,200,1,0,0,0,0.535,666,945,1282,1901,2200.5,2478,1830.5,370,0,0,0.7407,2.025
standard20,wide,normal,2,200,18,200,1,0,0,0,1,652,1027.5,1349,1954,2237,2525,1857,380,0,0,0.8307,17.88
standard20,wide,normal,2,200,19,200,1,0,0,0,0.405,687,1083,1447,1904,2507.5,2694,2117.5,390,0,0,0.8287,3.625
standard20,wide,normal,2,200,20,200,1,27,0.135,0.135,1,162,631,1038,855,1044,1233,644,400,0,0,1.1364,43.91
standard20,wide,normal,4,200,1,200,1,0,0,0,0,720,1020,1020,1020,1020,1020,600,420,0,0,0.216,0
standard20,wide,normal,4,200,2,200,1,0,0,0,0,962,1162,1562,1142,1142,1142,702,440,0,0,0.2232,0
standard20,wide,normal,4,200,3,200,1,0,0,0,0,930,1030,1330,1268,1268,1268,808,460,0,0,0.2256,0
standard20,wide,normal,4,200,4,200,1,0,0,0,0,914,1114,1314,1484,1484,1484,1004,480,0,0,0.2577,0
standard20,wide,normal,4,200,5,200,1,0,0,0,0,922,1172,1472,1858,1858,1858,1358,500,0,0,0.3164,0
standard20,wide,normal,4,200,6,200,1,0,0,0,0,985,1235,1435,1913,1913,1913,1393,520,0,0,0.3058,0
standard20,wide,normal,4,200,7,200,1,0,0,0,0,1035,1285,1485,2250,2250,2250,1710,540,0,0,0.3508,0
standard20,wide,normal,4,200,8,200,1,0,0,0,0.01,1168,1478,1778,2443,2443,2443,1883,560,0,0,0.3703,0.02
standard20,wide,normal,4,200,9,200,1,0,0,0,0,1230,1580,1930,2802,2802,2802,2222,580,0,0,0.4175,0
standard20,wide,normal,4,200,10,200,1,0,0,0,0,1264,1749,4668,1384,1384,4338,784,600,0,0,0.7325,0
standard20,wide,normal,4,200,11,200,1,0,0,0,0.5,1426,1778.5,2265,3328,6100,6282,5480,620,0,0,0.4583,1.79
standard20,wide,normal,4,200,12,200,1,0,0,0,0.01,1493,2060.5,2623,3507,3507,3507,2867,640,0,0,0.4808,0.01
standard20,wide,normal,4,200,13,200,1,0,0,0,0.58,1643,2232,2878,3105,3780,3930,3120,660,0,0,0.5487,3.78
standard20,wide,normal,4,200,14,200,1,0,0,0,0.68,1725,2388.5,3119,3822,4122,4222,3442,680,0,0,0.5925,3.51
standard20,wide,normal,4,200,15,200,1,0,0,0,0,1891,2554.5,3222,4147,4147,4147,3447,700,0,0,0.5832,0
standard20,wide,normal,4,200,16,200,1,0,0,0,0.825,1880,2633.5,3379,4293,4563,4799,3843,720,0,0,0.7277,4.92
standard20,wide,normal,4,200,17,200,1,0,0,0,0.045,2165,3077,3840,4239,5087,5314,4347,740,0,0,0.7556,0.12
standard20,wide,normal,4,200,18,200,1,0,0,0,1,2235,3082.5,4009,3618,3996,4516,3236,760,0,0,0.8566,22.685
standard20,wide,normal,4,200,19,200,1,0,0,0,0.62,2516,3399.5,4417,4091,4736,5387,3956,780,0,0,0.8578,4.105
standard20,wide,normal,4,200,20,200,1,18,0.09,0.09,1,2510,6506,7767,1598,5692,6355,4892,800,0,0,1.1844,18.44
standard20,wide,hard,1,200,1,200,1,0,0,0,1,177,195,195,177,195,195,90,105,0,0,0.208,3.305
standard20,wide,hard,1,200,2,200,1,0,0,0,1,113,359,395,182,200,236,90,110,0,0,0.27,3.845
standard20,wide,hard,1,200,3,200,1,0,0,0,0.715,137,356,401,249,274,306,159,115,0,0,0.2646,1.74
standard20,wide,hard,1,200,4,200,1,0,0,0,0.895,174,351,393,279,324,350,204,120,0,0,0.3,2.62
standard20,wide,hard,1,200,5,200,1,0,0,0,0.135,166,210.5,304,423,443,443,318,125,0,0,0.3286,0.25
standard20,wide,hard,1,200,6,200,1,0,0,0,1,157,253,385,258,312,408,182,130,0,0,0.3352,8.025
standard20,wide,hard,1,200,7,200,1,0,0,0,0,178,278,443,534,534,534,399,135,0,0,0.381,0
standard20,wide,hard,1,200,8,200,1,0,0,0,0,177,291.5,379,581,581,581,441,140,0,0,0.406,0
standard20,wide,hard,1,200,9,200,1,0,0,0,0,240,354.5,420,663,663,663,518,145,0,0,0.4527,0
standard20,wide,hard,1,200,10,200,1,0,0,0,0.24,336,965.5,1088,334,998,1021,848,150,0,0,0.7793,0.375
standard20,wide,hard,1,200,11,200,1,0,0,0,0.825,198,392.5,455,665,707,1457,552,155,0,0,0.4868,9.19
standard20,wide,hard,1,200,12,200,1,0,0,0,0,230,283,452,824,824,824,664,160,0,0,0.4985,0
standard20,wide,hard,1,200,13,200,1,0,0,0,0.045,265,318,389,936,936,936,771,165,0,0,0.5612,0.11
standard20,wide,hard,1,200,14,200,1,0,0,0,0,258,387,483,991,991,991,821,170,0,0,0.605,0
standard20,wide,hard,1,200,15,200,1,0,0,0,0,241,363,561,982,982,982,807,175,0,0,0.5916,0
standard20,wide,hard,1,200,16,200,1,0,0,0,1,243,392.5,538,774,899,975,719,180,0,0,0.7526,20.895
standard20,wide,hard,1,200,17,200,1,0,0,0,0.54,250,390,570,973,1114,1199,929,185,0,0,0.7733,2.025
standard20,wide,hard,1,200,18,200,1,0,0,0,0.75,248,428.5,564,1177,1289,1374,1099,190,0,0,0.8588,4
standard20,wide,hard,1,200,19,200,1,0,0,0,0,338,534,743,1275,1275,1315,1080,195,0,0,0.8488,0
standard20,wide,hard,1,200,20,200,1,96,0.48,0.48,1,25,329.5,603,417,417,417,217,200,0,0,1.1691,43.815
standard20,wide,hard,2,200,1,200,1,0,0,0,0,506,506,506,506,506,506,296,210,0,0,0.216,0
standard20,wide,hard,2,200,2,200,1,0,0,0,0,468,468,768,562,562,562,342,220,0,0,0.2146,0
standard20,wide,hard,2,200,3,200,1,0,0,0,0.03,391,491,791,623,623,623,393,230,0,0,0.2269,0.03
standard20,wide,hard,2,200,4,200,1,0,0,0,0.05,519,605.5,819,728,728,728,488,240,0,0,0.2663,0.075
standard20,wide,hard,2,200,5,200,1,0,0,0,0,428,628,745,909,909,909,659,250,0,0,0.324,0
standard20,wide,hard,2,200,6,200,1,0,0,0,0.705,385,575,745,857,917,947,657,260,0,0,0.3143,1.4
standard20,wide,hard,2,200,7,200,1,0,0,0,0,451,591,761,1106,1106,1106,836,270,0,0,0.3597,0
standard20,wide,hard,2,200,8,200,1,0,0,0,0,448,611.5,772,1197,1197,1197,917,280,0,0,0.3748,0
standard20,wide,hard,2,200,9,200,1,0,0,0,0,455,655,825,1377,1377,1377,1087,290,0,0,0.4243,0
standard20,wide,hard,2,200,10,200,1,0,0,0,0.01,439,609,851,684,684,2127,384,300,0,0,0.7371,0.01
standard20,wide,hard,2,200,11,200,1,0,0,0,0.995,517,687,862,1515,2868,2958,2558,310,0,0,0.4684,9.09
standard20,wide,hard,2,200,12,200,1,0,0,0,0,533,718,923,1721,1721,1721,1401,320,0,0,0.4868,0
standard20,wide,hard,2,200,13,200,1,0,0,0,0,527,802,1007,1939,1939,1939,1609,330,0,0,0.5507,0
standard20,wide,hard,2,200,14,200,1,0,0,0,0.01,618,828,1075,2071,2071,2071,1731,340,0,0,0.5949,0.03
standard20,wide,hard,2,200,15,200,1,0,0,0,0,638,893,1143,2045,2045,2045,1695,350,0,0,0.5843,0
standard20,wide,hard,2,200,16,200,1,0,0,0,1,591,843.5,1119,1544,1717,1861,1357,360,0,0,0.7458,25.03
standard20,wide,hard,2,200,17,200,1,0,0,0,0.68,582,879.5,1207,1849,2145,2318,1775,370,0,0,0.7811,2.36
standard20,wide,hard,2,200,18,200,1,0,0,0,0.955,634,1079.5,1389,2461,2644.5,2956,2264.5,380,0,0,0.8655,6.295
standard20,wide,hard,2,200,19,200,1,0,0,0,0.475,720,1115.5,1412,1884,2407,2785,2017,390,0,0,0.8631,5.44
standard20,wide,hard,2,200,20,200,1,79,0.395,0.395,1,324,686,1026,855,1044,1233,644,400,0,0,1.1838,44.035
standard20,wide,hard,4,200,1,200,1,0,0,0,0,720,1020,1020,1020,1020,1020,600,420,0,0,0.222,0
standard20,wide,hard,4,200,2,200,1,0,0,0,0,962,1162,1462,1142,1142,1142,702,440,0,0,0.2304,0
standard20,wide,hard,4,200,3,200,1,0,0,0,0,930,1130,1330,1268,1268,1268,808,460,0,0,0.2357,0
standard20,wide,hard,4,200,4,200,1,0,0,0,0.01,914,1114,1314,1484,1484,1484,1004,480,0,0,0.2649,0.01
standard20,wide,hard,4,200,5,200,1,0,0,0,0,972,1172,1422,1858,1858,1858,1358,500,0,0,0.3253,0
standard20,wide,hard,4,200,6,200,1,0,0,0,0.195,935,1185,1435,1852,1913,1913,1393,520,0,0,0.3135,0.215
standard20,wide,hard,4,200,7,200,1,0,0,0,0,1085,1285,1585,2250,2250,2250,1710,540,0,0,0.3621,0
standard20,wide,hard,4,200,8,200,1,0,0,0,0,1159,1478,1728,2443,2443,2443,1883,560,0,0,0.3817,0
standard20,wide,hard,4,200,9,200,1,0,0,0,0,1180,1570,1959,2802,2802,2802,2222,580,0,0,0.4301,0
standard20,wide,hard,4,200,10,200,1,0,0,0,0.47,1168,1543.5,1914,1384,1384,1384,784,600,0,0,0.7542,15.98
standard20,wide,hard,4,200,11,200,1,0,0,0,1,1351,1812,2304,2600,5645,5918,5025,620,0,0,0.4918,11.83
standard20,wide,hard,4,200,12,200,1,0,0,0,0,1517,2003.5,2486,3507,3507,3507,2867,640,0,0,0.5114,0
standard20,wide,hard,4,200,13,200,1,0,0,0,0.23,1637,2241,2796,3522,3930,3930,3270,660,0,0,0.5817,1.18
standard20,wide,hard,4,200,14,200,1,0,0,0,0.655,1715,2416.5,3066,3722,4122,4222,3442,680,0,0,0.6241,3.9
standard20,wide,hard,4,200,15,200,1,0,0,0,0.115,1933,2472,3321,3913,4147,4147,3447,700,0,0,0.6179,0.53
standard20,wide,hard,4,200,16,200,1,8,0.04,0.04,0.99,1881,2629.5,3351,3173,3594,4341,2874,720,0,0,0.7848,20.18
standard20,wide,hard,4,200,17,198,0.99,1,0.005,0.0051,0.1313,2050,2786,3617,3891,4497,5208,3757,740,0,0,0.8112,0.4444
standard20,wide,hard,4,200,18,192,0.96,55,0.275,0.2865,0.9948,1988,3034.5,4051,3858,4716,5191,3984.5,760,0,0,0.9095,12.6146
standard20,wide,hard,4,200,19,164,0.82,19,0.095,0.1159,0.4146,2110,3156.5,4338,1031,4871,5563,4091,780,0,0,0.8808,2.1524
standard20,wide,hard,4,200,20,132,0.66,24,0.12,0.1818,0.8712,1722,3541.5,7517,387,2438.5,6222,1638.5,800,0,0,1.2173,21.8182
standard20,wide,nightmare,1,200,1,200,1,0,0,0,1,177,195,195,177,195,195,90,105,0,0,0.216,3.305
standard20,wide,nightmare,1,200,2,200,1,0,0,0,1,113,359,395,182,200,236,90,110,0,0,0.279,3.845
standard20,wide,nightmare,1,200,3,200,1,0,0,0,0.715,137,356,401,249,274,306,159,115,0,0,0.2792,1.74
standard20,wide,nightmare,1,200,4,200,1,0,0,0,0.905,161,351,392,260,311,337,191,120,0,0,0.3137,2.98
standard20,wide,nightmare,1,200,5,200,1,0,0,0,0.165,161,204,304,403,443,443,318,125,0,0,0.3423,0.305
standard20,wide,nightmare,1,200,6,200,1,0,0,0,1,150,247,393,258,306,408,176,130,0,0,0.3464,8.485
standard20,wide,nightmare,1,200,7,200,1,0,0,0,0,188,303,443,534,534,534,399,135,0,0,0.4117,0
standard20,wide,nightmare,1,200,8,200,1,0,0,0,0,181,294,373,581,581,581,441,140,0,0,0.418,0
standard20,wide,nightmare,1,200,9,200,1,0,0,0,0,240,356,421,663,663,663,518,145,0,0,0.4705,0
standard20,wide,nightmare,1,200,10,200,1,0,0,0,0.235,287,394,1026,334,334,1021,184,150,0,0,0.8289,0.405
standard20,wide,nightmare,1,200,11,200,1,0,0,0,0.79,206,362.5,448,665,1331,1478,1176,155,0,0,0.5087,8.94
standard20,wide,nightmare,1,200,12,200,1,0,0,0,0,223,285.5,447,824,824,824,664,160,0,0,0.5182,0
standard20,wide,nightmare,1,200,13,200,1,0,0,0,0.07,246,318,389,936,936,936,771,165,0,0,0.5844,0.29
standard20,wide,nightmare,1,200,14,200,1,0,0,0,0,247,388.5,528,991,991,991,821,170,0,0,0.6309,0
standard20,wide,nightmare,1,200,15,200,1,0,0,0,0,238,392.5,562,982,982,982,807,175,0,0,0.6101,0
standard20,wide,nightmare,1,200,16,200,1,0,0,0,1,227,399.5,545,704,843,950,663,180,0,0,0.7803,23.335
standard20,wide,nightmare,1,200,17,200,1,0,0,0,0.55,238,389,542,1002,1114,1199,929,185,0,0,0.8038,1.845
standard20,wide,nightmare,1,200,18,200,1,0,0,0,0.93,279,445.5,568,1139,1221,1332,1031,190,0,0,0.8923,6.61
standard20,wide,nightmare,1,200,19,200,1,0,0,0,0.105,352,567,763,1095,1295,1321,1100,195,0,0,0.8851,1.05
standard20,wide,nightmare,1,200,20,200,1,122,0.61,0.61,1,86,398,613,417,417,507,217,200,0,0,1.2188,42.59
standard20,wide,nightmare,2,200,1,200,1,0,0,0,0,506,506,506,506,506,506,296,210,0,0,0.224,0
standard20,wide,nightmare,2,200,2,200,1,0,0,0,0,468,468,768,562,562,562,342,220,0,0,0.225,0
standard20,wide,nightmare,2,200,3,200,1,0,0,0,0.04,391,691,791,623,623,623,393,230,0,0,0.252,0.04
standard20,wide,nightmare,2,200,4,200,1,0,0,0,0.05,419,591.5,819,728,728,728,488,240,0,0,0.2758,0.075
standard20,wide,nightmare,2,200,5,200,1,0,0,0,0,428,628,728,909,909,909,659,250,0,0,0.3372,0
standard20,wide,nightmare,2,200,6,200,1,0,0,0,0.875,415,585,715,827,887,947,627,260,0,0,0.3261,1.94
standard20,wide,nightmare,2,200,7,200,1,0,0,0,0,451,592.5,781,1106,1106,1106,836,270,0,0,0.3739,0
standard20,wide,nightmare,2,200,8,200,1,0,0,0,0,458,618,788,1197,1197,1197,917,280,0,0,0.3899,0
standard20,wide,nightmare,2,200,9,200,1,0,0,0,0,465,625,825,1377,1377,1377,1087,290,0,0,0.4362,0
standard20,wide,nightmare,2,200,10,200,1,0,0,0,0.005,419,609,779,684,684,684,384,300,0,0,0.7661,0.005
standard20,wide,nightmare,2,200,11,200,1,0,0,0,1,497,677,832,2823,2868,2958,2558,310,0,0,0.4859,9.49
standard20,wide,nightmare,2,200,12,200,1,0,0,0,0,513,703,878,1721,1721,1721,1401,320,0,0,0.5071,0
standard20,wide,nightmare,2,200,13,200,1,0,0,0,0,567,824.5,977,1939,1939,1939,1609,330,0,0,0.575,0
standard20,wide,nightmare,2,200,14,200,1,0,0,0,0.015,593,844.5,1093,2071,2071,2071,1731,340,0,0,0.6184,0.03
standard20,wide,nightmare,2,200,15,200,1,0,0,0,0,648,843,1118,2045,2045,2045,1695,350,0,0,0.6075,0
standard20,wide,nightmare,2,200,16,200,1,0,0,0,1,579,848,1130,1411,1637,1785,1277,360,0,0,0.7797,27.06
standard20,wide,nightmare,2,200,17,200,1,0,0,0,0.73,648,904.5,1236,1908,2138,2259,1768,370,0,0,0.8144,2.5
standard20,wide,nightmare,2,200,18,200,1,0,0,0,0.995,659,1024.5,1391,2417,2609,2763,2229,380,0,0,0.9032,8.1
standard20,wide,nightmare,2,200,19,200,1,0,0,0,0.67,742,1101,1416,1861,2136,2682,1746,390,0,0,0.9097,8.06
standard20,wide,nightmare,2,200,20,200,1,128,0.64,0.64,1,292,691.5,1078,855,1044,1233,644,400,0,0,1.2482,44.19
standard20,wide,nightmare,4,200,1,200,1,0,0,0,0,720,1020,1020,1020,1020,1020,600,420,0,0,0.23,0
standard20,wide,nightmare,4,200,2,200,1,0,0,0,0,962,1162,1462,1142,1142,1142,702,440,0,0,0.2394,0
standard20,wide,nightmare,4,200,3,200,1,0,0,0,0,930,1130,1330,1268,1268,1268,808,460,0,0,0.2452,0
standard20,wide,nightmare,4,200,4,200,1,0,0,0,0.015,914,1114,1314,1484,1484,1484,1004,480,0,0,0.2751,0.015
standard20,wide,nightmare,4,200,5,200,1,0,0,0,0,972,1197,1422,1858,1858,1858,1358,500,0,0,0.34,0
standard20,wide,nightmare,4,200,6,200,1,0,0,0,0.375,935,1185,1424,1791,1913,1913,1393,520,0,0,0.3272,0.535
standard20,wide,nightmare,4,200,7,200,1,0,0,0,0,1013,1285,1485,2250,2250,2250,1710,540,0,0,0.377,0
standard20,wide,nightmare,4,200,8,200,1,0,0,0,0,1128,1467,1717,2443,2443,2443,1883,560,0,0,0.3971,0
standard20,wide,nightmare,4,200,9,200,1,0,0,0,0,1230,1609,1948,2802,2802,2802,2222,580,0,0,0.4479,0
standard20,wide,nightmare,4,200,10,200,1,0,0,0,0.76,1104,1553,1964,1384,1384,1384,784,600,0,0,0.7853,25.85
standard20,wide,nightmare,4,200,11,200,1,0,0,0,1,1395,1779,2214,2600,2691,5736,2071,620,0,0,0.5655,13.92
standard20,wide,nightmare,4,200,12,200,1,0,0,0,0,1526,2029.5,2462,3507,3507,3507,2867,640,0,0,0.5808,0
standard20,wide,nightmare,4,200,13,200,1,0,0,0,0.37,1576,2149,2763,3231,3930,3930,3270,660,0,0,0.65,2.22
standard20,wide,nightmare,4,200,14,200,1,0,0,0,0.9,1720,2321.5,2998,3622,3822,4122,3142,680,0,0,0.6988,6.75
standard20,wide,nightmare,4,200,15,200,1,0,0,0,0.18,1836,2486.5,3211,3571,4147,4147,3447,700,0,0,0.6815,1.025
standard20,wide,nightmare,4,200,16,200,1,24,0.12,0.12,1,1820,2595,3281,2919,3283,3899,2571,720,0,0,0.8722,24.735
standard20,wide,nightmare,4,200,17,188,0.94,9,0.045,0.0479,0.3298,1938,2763,3648,3406,4133,4739,3393,740,0,0,0.8998,1.3085
standard20,wide,nightmare,4,200,18,176,0.88,103,0.515,0.5852,0.9489,1506,2661.5,3698,3230,4224,4982,3878.5,0,0,0,1.0001,12.7045
standard20,wide,nightmare,4,200,19,84,0.42,12,0.06,0.1429,0.4167,1839,2992,4261,88,4674.5,5387,3894.5,780,0,0,0.9236,2.5595
standard20,wide,nightmare,4,200,20,63,0.315,21,0.105,0.3333,0.8095,1650,2849,7610,516,2118,5968,1318,800,0,0,1.2793,24.746
standard20,coop,normal,1,200,1,200,1,0,0,0,0,214,214,214,314,314,314,144,105,65,0.207,0.1818,0
standard20,coop,normal,1,200,2,200,1,0,0,0,0,251,251,251,337,337,337,162,110,65,0.1929,0.1864,0
standard20,coop,normal,1,200,3,200,1,0,0,0,0,374,374,374,423,423,423,191,115,117,0.2766,0.1959,0
standard20,coop,normal,1,200,4,200,1,0,0,0,0.04,541,541,541,467,467,467,230,120,117,0.2508,0.233,0.04
standard20,coop,normal,1,200,5,200,1,0,0,0,0,366,401,701,560,560,625,318,125,117,0.2373,0.2611,0
standard20,coop,normal,1,200,6,200,1,0,0,0,0.025,385,429.5,633,632,684,684,320,130,234,0.334,0.2409,0.025
standard20,coop,normal,1,200,7,200,1,0,0,0,0,501,553,553,768,768,768,399,135,234,0.3036,0.2795,0
standard20,coop,normal,1,200,8,200,1,0,0,0,0.005,625,670,677,874,874,874,441,140,293,0.3346,0.2903,0.01
standard20,coop,normal,1,200,9,200,1,0,0,0,0,581,633,738,956,956,956,518,145,293,0.3058,0.3134,0
standard20,coop,normal,1,200,10,200,1,0,0,0,1,508,560,700,627,627,627,184,150,293,0.4666,0.5287,34
standard20,coop,normal,1,200,11,200,1,0,0,0,0.07,601,653,793,1143,1143,1143,636,155,352,0.3081,0.3685,0.24
standard20,coop,normal,1,200,12,200,1,0,0,0,0,617,721,829,1176,1176,1267,664,160,352,0.3244,0.3761,0
standard20,coop,normal,1,200,13,200,1,0,0,0,0.015,605,768.5,889,1288,1288,1379,771,165,352,0.2973,0.4184,0.035
standard20,coop,normal,1,200,14,200,1,0,0,0,0.775,615,736,841,1274,1343,1411,775,170,352,0.2941,0.4458,3.59
standard20,coop,normal,1,200,15,200,1,0,0,0,0,674,793.5,922,1334,1334,1425,807,175,352,0.2872,0.4361,0
standard20,coop,normal,1,200,16,200,1,0,0,0,0.865,636,795,943,1368,1460,1543,895,180,352,0.2722,0.5413,6.7
standard20,coop,normal,1,200,17,200,1,0,0,0,0,657,864,1008,1551,1626,1692,1039,185,352,0.2431,0.5553,0
standard20,coop,normal,1,200,18,200,1,0,0,0,0.81,640,828.5,981,1472,1589,1706,995,190,352,0.25,0.6181,6.62
standard20,coop,normal,1,200,19,200,1,0,0,0,0,312,518,652,1275,1275,1321,1080,195,0,0,0.6134,0
standard20,coop,normal,1,200,20,200,1,24,0.12,0.12,0.93,85,238.5,338,664,664,664,464,200,0,0,0.8436,31.62
standard20,coop,normal,2,200,1,200,1,0,0,0,0.12,534,571,571,534,571,571,296,210,65,0.1147,0.212,0.12
standard20,coop,normal,2,200,2,200,1,0,0,0,0.205,574,650,650,627,679,679,342,220,117,0.157,0.2112,0.31
standard20,coop,normal,2,200,3,200,1,0,0,0,0.255,662,753,790,739,740,778,393,230,117,0.1833,0.2209,0.405
standard20,coop,normal,2,200,4,200,1,0,0,0,0.465,643,735,972,838,882,910,488,240,182,0.2126,0.238,1.265
standard20,coop,normal,2,200,5,200,1,0,0,0,0,615,872.5,969,1091,1143,1202,659,250,234,0.2036,0.2912,0
standard20,coop,normal,2,200,6,200,1,0,0,0,0.4,751,896,1107,1150,1181,1240,687,260,293,0.2324,0.2719,0.93
standard20,coop,normal,2,200,7,200,1,0,0,0,0,859,990.5,1209,1399,1458,1458,836,270,352,0.2296,0.3075,0
standard20,coop,normal,2,200,8,200,1,0,0,0,0.005,1003,1179.5,1318,1549,1549,1640,917,280,352,0.2396,0.3204,0.01
standard20,coop,normal,2,200,9,200,1,0,0,0,0,1125,1246,1376,1729,1729,1820,1087,290,352,0.215,0.3554,0
standard20,coop,normal,2,200,10,200,1,0,0,0,0,1103,1223,1374,1036,1036,1127,384,300,352,0.346,0.6063,0
standard20,coop,normal,2,200,11,200,1,0,0,0,0.085,1242,1407.5,1561,3446,3536,3627,2783,310,443,0.1314,0.3836,0.23
standard20,coop,normal,2,200,12,200,1,0,0,0,0,1055,1156,1275,2255,2255,2255,1401,320,534,0.2346,0.3888,0
standard20,coop,normal,2,200,13,200,1,0,0,0,0.28,989,1145.5,1341,2198,2473,2473,1609,330,534,0.2203,0.4378,1.785
standard20,coop,normal,2,200,14,200,1,0,0,0,0.96,991,1152.5,1310,2311,2409,2556,1535,340,534,0.2189,0.4722,7.67
standard20,coop,normal,2,200,15,200,1,0,0,0,0,1020,1110.5,1426,2579,2579,2579,1695,350,534,0.2051,0.461,0
standard20,coop,normal,2,200,16,200,1,0,0,0,0.98,1003,1174,1357,2528,2651.5,2775,1777,360,534,0.1984,0.5797,10.82
standard20,coop,normal,2,200,17,200,1,0,0,0,0.26,1044,1327,1562,2619,2856,3086,1952,370,534,0.1836,0.602,0.845
standard20,coop,normal,2,200,18,200,1,0,0,0,0.99,1057,1304.5,1543,2675,2896,3104,1982,380,534,0.1821,0.6717,11.905
standard20,coop,normal,2,200,19,200,1,0,0,0,0,693,954,1186,2699,2785,2871,2395,390,0,0,0.6673,0
standard20,coop,normal,2,200,20,200,1,0,0,0,0.465,422,2230.5,2631,1374,3319,3319,2919,400,0,0,0.9161,10.82
standard20,coop,normal,4,200,1,200,1,0,0,0,0,985,985,1213,1085,1085,1085,600,420,65,0.0599,0.2107,0
standard20,coop,normal,4,200,2,200,1,0,0,0,0,992,1232,1442,1207,1207,1259,702,440,65,0.0687,0.2188,0
standard20,coop,normal,4,200,3,200,1,0,0,0,0,1025,1229,1525,1333,1385,1385,808,460,117,0.0808,0.2222,0
standard20,coop,normal,4,200,4,200,1,0,0,0,0,1080,1293,1543,1601,1601,1666,1004,480,117,0.0887,0.2505,0
standard20,coop,normal,4,200,5,200,1,0,0,0,0,1105,1347,1587,1975,2040,2092,1358,500,182,0.0888,0.3022,0
standard20,coop,normal,4,200,6,200,1,0,0,0,0,1177,1441,1682,2030,2147,2206,1393,520,234,0.1014,0.2905,0
standard20,coop,normal,4,200,7,200,1,0,0,0,0,1230,1517,1800,2367,2543,2602,1710,540,293,0.1057,0.3302,0
standard20,coop,normal,4,200,8,200,1,0,0,0,0.085,1473,1788,2083,2625,2795,2803,1883,560,352,0.1138,0.3463,0.18
standard20,coop,normal,4,200,9,200,1,0,0,0,0,1664,1991.5,2320,2984,3154,3245,2222,580,352,0.1004,0.3892,0
standard20,coop,normal,4,200,10,200,1,0,0,0,0.74,1636,1957.5,2320,1566,1736,1827,784,600,352,0.1844,0.6786,25.16
standard20,coop,normal,4,200,11,200,1,0,0,0,1,1909,2284.5,2593,3107,3407,6211,2344,620,443,0.0962,0.4778,9.12
standard20,coop,normal,4,200,12,200,1,0,0,0,0,1841,2283,2693,3859,4041,4041,2867,640,534,0.1165,0.4848,0
standard20,coop,normal,4,200,13,200,1,0,0,0,0.72,1877,2357.5,2861,3499,4132,4464,3045,660,534,0.114,0.5434,4.21
standard20,coop,normal,4,200,14,200,1,0,0,0,0.975,1935,2512.5,3036,3774,4056,4456,2842,680,534,0.1137,0.5885,12.33
standard20,coop,normal,4,200,15,200,1,0,0,0,0,2156,2745.5,3329,4499,4681,4681,3447,700,534,0.1004,0.5725,0
standard20,coop,normal,4,200,16,200,1,2,0.01,0.01,0.995,2044,2680,3394,4056,4370,4779,3190,720,534,0.1056,0.7168,18.115
standard20,coop,normal,4,200,17,200,1,17,0.085,0.085,0.745,2170,2884.5,3611,3848,4288,4788,3029,740,534,0.107,0.7549,4.07
standard20,coop,normal,4,200,18,198,0.99,121,0.605,0.6111,0.9141,1158,2126.5,3658,2324,3367.5,5226,3250.5,0,0,0.0535,0.8378,16.1364
standard20,coop,normal,4,200,19,81,0.405,5,0.025,0.0617,0.4321,1499,2791,3692,0,4220,5000,3440,780,0,0,0.7915,2.5926
standard20,coop,normal,4,200,20,59,0.295,29,0.145,0.4915,0.9153,1404,2820,6028,1318,2505,6488,1705,800,0,0,1.0966,29.1017
standard20,coop,hard,1,200,1,200,1,0,0,0,0.325,196,214,514,296,314,314,144,105,65,0.2109,0.1891,0.325
standard20,coop,hard,1,200,2,200,1,0,0,0,0,233,251,451,337,337,337,162,110,65,0.1929,0.1929,0
standard20,coop,hard,1,200,3,200,1,0,0,0,0,356,374,422,371,423,423,191,115,117,0.2475,0.2024,0
standard20,coop,hard,1,200,4,200,1,0,0,0,0,289,523,541,467,467,467,230,120,117,0.2505,0.24,0
standard20,coop,hard,1,200,5,200,1,0,0,0,0,401,549,683,560,560,560,318,125,117,0.2162,0.2892,0
standard20,coop,hard,1,200,6,200,1,0,0,0,0.735,385,533,605,604,656,684,292,130,234,0.3304,0.2619,1.395
standard20,coop,hard,1,200,7,200,1,0,0,0,0,455,507.5,659,768,768,768,399,135,234,0.3047,0.2858,0
standard20,coop,hard,1,200,8,200,1,0,0,0,0.04,525,610,697,836,874,874,441,140,293,0.3319,0.2992,0.13
standard20,coop,hard,1,200,9,200,1,0,0,0,0,533,605,753,956,956,956,518,145,293,0.3028,0.3228,0
standard20,coop,hard,1,200,10,200,1,0,0,0,1,462,560,700,627,627,627,184,150,293,0.463,0.5437,34
standard20,coop,hard,1,200,11,200,1,0,0,0,0.975,558,703,780,933,975,1080,468,155,352,0.3522,0.3956,14.8
standard20,coop,hard,1,200,12,200,1,0,0,0,0.08,600,708.5,892,1176,1176,1267,664,160,352,0.327,0.3978,0.315
standard20,coop,hard,1,200,13,200,1,0,0,0,0.01,601,775,876,1288,1288,1379,771,165,352,0.2971,0.4403,0.015
standard20,coop,hard,1,200,14,200,1,0,0,0,0,602,773.5,888,1343,1343,1434,821,170,352,0.2855,0.4689,0
standard20,coop,hard,1,200,15,200,1,0,0,0,0,646,784.5,924,1334,1334,1425,807,175,352,0.2874,0.456,0
standard20,coop,hard,1,200,16,200,1,0,0,0,0.97,582,744.5,909,1170,1327,1452,745,180,352,0.298,0.5695,17.465
standard20,coop,hard,1,200,17,200,1,0,0,0,0.035,686,824.5,1005,1551,1607.5,1667,1014,185,352,0.2473,0.5851,0.105
standard20,coop,hard,1,200,18,200,1,0,0,0,0.655,638,865.5,997,1563,1644.5,1732,1047,190,352,0.2407,0.647,2.62
standard20,coop,hard,1,200,19,200,1,0,0,0,0,333,518.5,645,1275,1275,1327,1080,195,0,0,0.6398,0
standard20,coop,hard,1,200,20,200,1,143,0.715,0.715,0.92,78,247,354,664,664,664,464,200,0,0,0.8794,31.28
standard20,coop,hard,2,200,1,200,1,0,0,0,1,460,497,497,460,497,497,222,210,65,0.1331,0.216,2.23
standard20,coop,hard,2,200,2,200,1,0,0,0,0.21,500,576,787,603,641,679,342,220,117,0.1519,0.2146,0.31
standard20,coop,hard,2,200,3,200,1,0,0,0,0,627,716,912,740,740,740,393,230,117,0.156,0.2269,0
standard20,coop,hard,2,200,4,200,1,0,0,0,0.09,589,685,926,845,845,962,488,240,117,0.1777,0.2515,0.115
standard20,coop,hard,2,200,5,200,1,0,0,0,0.065,662,752,883,1026,1091,1143,659,250,182,0.1817,0.2986,0.085
standard20,coop,hard,2,200,6,200,1,0,0,0,1,694,827.5,1024,829,914,988,391,260,234,0.2674,0.2933,8.28
standard20,coop,hard,2,200,7,200,1,0,0,0,0,773,979,1151,1340,1399,1458,836,270,293,0.2124,0.3347,0
standard20,coop,hard,2,200,8,200,1,0,0,0,0,927,1105,1269,1490,1549,1640,917,280,352,0.226,0.3403,0
standard20,coop,hard,2,200,9,200,1,0,0,0,0,1082,1218,1365,1670,1729,1820,1087,290,352,0.2025,0.3809,0
standard20,coop,hard,2,200,10,200,1,0,0,0,0.51,1051,1170,1309,918,1036,1127,384,300,352,0.3394,0.6523,16.565
standard20,coop,hard,2,200,11,200,1,0,0,0,0.99,1175,1347.5,1482,1687,3085.5,3221,2333,310,443,0.1738,0.433,14.265
standard20,coop,hard,2,200,12,200,1,0,0,0,0,997,1152,1312,2164,2255,2255,1401,320,534,0.2275,0.4324,0
standard20,coop,hard,2,200,13,200,1,0,0,0,0.23,953,1163,1353,2291,2473,2473,1609,330,534,0.2111,0.4843,0.915
standard20,coop,hard,2,200,14,200,1,0,0,0,0.14,985,1136.5,1325,2458,2605,2605,1731,340,534,0.1978,0.5168,0.36
standard20,coop,hard,2,200,15,200,1,0,0,0,0,993,1118,1415,2488,2579,2579,1695,350,534,0.1991,0.4988,0
standard20,coop,hard,2,200,16,200,1,0,0,0,1,964,1136,1321,2305,2463,2567,1569,360,534,0.208,0.6293,18.505
standard20,coop,hard,2,200,17,200,1,2,0.01,0.01,0.89,1019,1180.5,1446,2028,2324,2672,1420,370,534,0.2177,0.6604,5.73
standard20,coop,hard,2,200,18,200,1,28,0.14,0.14,0.855,982,1265,1515,2832,3206.5,3453,2299,380,534,0.1523,0.7266,6.54
standard20,coop,hard,2,200,19,187,0.935,0,0,0,0,536,983,1207,2699,2828,2871,2438,390,0,0,0.7104,0
standard20,coop,hard,2,200,20,170,0.85,43,0.215,0.2529,0.4765,157,2072.5,2505,455,3319,3319,2919,400,0,0,0.9762,11.9882
standard20,coop,hard,4,200,1,200,1,0,0,0,0,985,985,1213,1085,1085,1085,600,420,65,0.0599,0.2166,0
standard20,coop,hard,4,200,2,200,1,0,0,0,0,1044,1292,1522,1207,1207,1259,702,440,65,0.0651,0.2304,0
standard20,coop,hard,4,200,3,200,1,0,0,0,0,1079,1229,1477,1333,1385,1385,808,460,117,0.0789,0.2302,0
standard20,coop,hard,4,200,4,200,1,0,0,0,0,1047,1327,1543,1601,1633.5,1666,1004,480,149.5,0.0908,0.2583,0
standard20,coop,hard,4,200,5,200,1,0,0,0,0,1153,1385,1587,1975,2066,2092,1358,500,208,0.091,0.3139,0
standard20,coop,hard,4,200,6,200,1,0,0,0,0.15,1144,1420,1650,2030,2147,2206,1393,520,234,0.1053,0.2986,0.195
standard20,coop,hard,4,200,7,200,1,0,0,0,0,1260,1517,1793,2367,2543,2602,1710,540,293,0.1075,0.3396,0
standard20,coop,hard,4,200,8,200,1,0,0,0,0,1519,1788,2090,2625,2795,2795,1883,560,352,0.1136,0.356,0
standard20,coop,hard,4,200,9,200,1,0,0,0,0,1715,2042,2409,2984,3154,3154,2222,580,352,0.1005,0.4024,0
standard20,coop,hard,4,200,10,200,1,0,0,0,0.92,1648,1940.5,2228,1566,1736,1736,784,600,352,0.1845,0.6937,31.28
standard20,coop,hard,4,200,11,200,1,0,0,0,1,1821,2167.5,2537,2802,2952,3134,1889,620,443,0.1236,0.5004,17.07
standard20,coop,hard,4,200,12,200,1,0,0,0,0,1912,2304,2758,3800,4041,4041,2867,640,534,0.1169,0.5102,0
standard20,coop,hard,4,200,13,200,1,0,0,0,0.15,1910,2380,2810,4207,4464,4464,3270,660,534,0.1065,0.5655,0.385
standard20,coop,hard,4,200,14,200,1,0,0,0,0.965,2028,2587,3065,4065,4335.5,4556,3142,680,534,0.1076,0.6053,7.22
standard20,coop,hard,4,200,15,200,1,0,0,0,0.025,2208,2681.5,3158,4440,4681,4681,3447,700,534,0.1008,0.5884,0.055
standard20,coop,hard,4,200,16,200,1,2,0.01,0.01,1,2093,2776.5,3305,3264,3841,4461,2609,720,534,0.1207,0.7497,25.875
standard20,coop,hard,4,200,17,200,1,44,0.22,0.22,0.725,2207,2891,3565,3818,4091,4773,2908,740,534,0.1096,0.786,5.04
standard20,coop,hard,4,200,18,198,0.99,116,0.58,0.5859,0.7778,1058,1986,3320,484,3368,5483,3368,0,0,0.0433,0.8632,9.2879
standard20,coop,hard,4,200,19,63,0.315,11,0.055,0.1746,0.4444,1189,2314,3545,0,3575,4613,2795,780,0,0,0.8073,2.4762
standard20,coop,hard,4,200,20,38,0.19,22,0.11,0.5789,0.7105,1038,2165,3267,387,2118,2892,1561.5,800,0,0,1.1493,26.1316
standard20,coop,nightmare,1,200,1,200,1,0,0,0,0.325,196,214,514,296,314,314,144,105,65,0.2109,0.1964,0.325
standard20,coop,nightmare,1,200,2,200,1,0,0,0,0,233,251,451,337,337,337,162,110,65,0.1929,0.1993,0
standard20,coop,nightmare,1,200,3,200,1,0,0,0,0,356,374,422,371,423,423,191,115,117,0.2475,0.2135,0
standard20,coop,nightmare,1,200,4,200,1,0,0,0,0,289,523,541,467,467,467,230,120,117,0.2505,0.251,0
standard20,coop,nightmare,1,200,5,200,1,0,0,0,0,401,549,683,560,560,560,318,125,117,0.2149,0.3012,0
standard20,coop,nightmare,1,200,6,200,1,0,0,0,0.755,385,533,605,590,656,684,306,130,234,0.3289,0.2706,1.405
standard20,coop,nightmare,1,200,7,200,1,0,0,0,0.01,455,509.5,659,768,768,768,399,135,234,0.3049,0.2985,0.03
standard20,coop,nightmare,1,200,8,200,1,0,0,0,0.04,516,610,711,855,874,874,441,140,293,0.3321,0.308,0.13
standard20,coop,nightmare,1,200,9,200,1,0,0,0,0,507,618,739,956,956,956,518,145,293,0.303,0.3355,0
standard20,coop,nightmare,1,200,10,200,1,0,0,0,1,462,560,706,627,627,627,184,150,293,0.4633,0.569,34
standard20,coop,nightmare,1,200,11,200,1,0,0,0,0.985,559,687,785,933,954,1059,447,155,352,0.3569,0.4133,15.9
standard20,coop,nightmare,1,200,12,200,1,0,0,0,0.11,592,710,863,1176,1176,1267,664,160,352,0.3237,0.4124,0.47
standard20,coop,nightmare,1,200,13,200,1,0,0,0,0.01,598,747.5,853,1288,1288,1379,771,165,352,0.2924,0.4609,0.02
standard20,coop,nightmare,1,200,14,200,1,0,0,0,0,600,763,855,1343,1343,1434,821,170,352,0.2812,0.4877,0
standard20,coop,nightmare,1,200,15,200,1,0,0,0,0,630,773,900,1334,1334,1425,807,175,352,0.283,0.4751,0
standard20,coop,nightmare,1,200,16,200,1,0,0,0,0.96,560,723.5,908,1170,1302,1443,732.5,180,352,0.2967,0.5943,18.52
standard20,coop,nightmare,1,200,17,200,1,0,0,0,0.085,662,809.5,995,1466,1566.5,1667,1014,185,352,0.2457,0.6132,0.27
standard20,coop,nightmare,1,200,18,200,1,0,0,0,0.775,626,839,967,1537,1616,1732,1047,190,352,0.2377,0.6805,3.88
standard20,coop,nightmare,1,200,19,200,1,0,0,0,0,322,498,635,1275,1275,1321,1080,195,0,0,0.6742,0
standard20,coop,nightmare,1,200,20,200,1,160,0.8,0.8,0.95,75,243.5,330,664,664,664,464,200,0,0,0.9247,32.3
standard20,coop,nightmare,2,200,1,200,1,0,0,0,1,460,497,497,460,497,497,222,210,65,0.1342,0.224,2.34
standard20,coop,nightmare,2,200,2,200,1,0,0,0,0.305,487,576,787,565,627,679,342,220,117,0.1528,0.225,0.635
standard20,coop,nightmare,2,200,3,200,1,0,0,0,0,627,716,902,740,740,740,393,230,117,0.1545,0.2363,0
standard20,coop,nightmare,2,200,4,200,1,0,0,0,0.105,602,775,926,845,894,962,488,240,182,0.1829,0.2687,0.17
standard20,coop,nightmare,2,200,5,200,1,0,0,0,0.115,636,752,877,1026,1102,1143,659,250,234,0.1827,0.3108,0.17
standard20,coop,nightmare,2,200,6,200,1,0,0,0,1,655,844.5,1020,812,888,974,378,260,234,0.2732,0.3095,8.81
standard20,coop,nightmare,2,200,7,200,1,0,0,0,0.01,756,984.5,1164,1326,1399,1458,836,270,293,0.2125,0.3479,0.035
standard20,coop,nightmare,2,200,8,200,1,0,0,0,0,883,1075,1261,1431,1549,1640,917,280,352,0.2246,0.354,0
standard20,coop,nightmare,2,200,9,200,1,0,0,0,0,1078,1201,1364,1611,1729,1820,1087,290,352,0.2011,0.3977,0
standard20,coop,nightmare,2,200,10,200,1,0,0,0,0.775,1053,1175,1295,918,1036,1127,384,300,352,0.3383,0.678,25.285
standard20,coop,nightmare,2,200,11,200,1,0,0,0,1,1140,1311,1468,1628,1778,3176,1025,310,443,0.2035,0.4766,14.52
standard20,coop,nightmare,2,200,12,200,1,0,0,0,0,979,1132,1306,2123,2255,2305,1401,320,534,0.2247,0.4746,0
standard20,coop,nightmare,2,200,13,200,1,0,0,0,0.35,971,1155.5,1329,2145,2436,2473,1609,330,534,0.2124,0.525,1.78
standard20,coop,nightmare,2,200,14,200,1,0,0,0,0.27,948,1129,1331,2423,2605,2605,1731,340,534,0.1972,0.5563,0.99
standard20,coop,nightmare,2,200,15,200,1,0,0,0,0,995,1130.5,1402,2397,2579,2579,1695,350,534,0.1973,0.5369,0
standard20,coop,nightmare,2,200,16,200,1,4,0.02,0.02,1,962,1127.5,1348,2177,2411,2567,1517,360,534,0.211,0.6747,19.8
standard20,coop,nightmare,2,200,17,200,1,6,0.03,0.03,0.865,981,1211.5,1427,2080,2324,2672,1472,370,534,0.2109,0.7052,5.275
standard20,coop,nightmare,2,200,18,196,0.98,64,0.32,0.3265,0.9337,286,1180,1502,1853,3044.5,3290,2172.5,380,534,0.1351,0.774,8.1633
standard20,coop,nightmare,2,200,19,143,0.715,1,0.005,0.007,0.007,418,930,1211,546,2828,2871,2438,390,0,0,0.7505,0.0699
standard20,coop,nightmare,2,200,20,125,0.625,52,0.26,0.416,0.592,148,2033,2473,455,2800,3319,2400,400,0,0,1.0256,12.736
standard20,coop,nightmare,4,200,1,200,1,0,0,0,0,985,985,1285,1085,1085,1085,600,420,65,0.0599,0.2244,0
standard20,coop,nightmare,4,200,2,200,1,0,0,0,0,1044,1292,1492,1207,1207,1259,702,440,65,0.0641,0.2394,0
standard20,coop,nightmare,4,200,3,200,1,0,0,0,0,1077,1227,1477,1333,1385,1385,808,460,117,0.0793,0.2377,0
standard20,coop,nightmare,4,200,4,200,1,0,0,0,0,1143,1330,1543,1601,1601,1666,1004,480,117,0.0912,0.2683,0
standard20,coop,nightmare,4,200,5,200,1,0,0,0,0,1101,1338,1585,1975,2040,2092,1358,500,182,0.0919,0.3231,0
standard20,coop,nightmare,4,200,6,200,1,0,0,0,0.17,1182,1415,1634,2030,2147,2206,1393,520,234,0.1068,0.3109,0.265
standard20,coop,nightmare,4,200,7,200,1,0,0,0,0,1246,1512.5,1793,2367,2543,2602,1710,540,293,0.1083,0.3536,0
standard20,coop,nightmare,4,200,8,200,1,0,0,0,0,1440,1791,2088,2625,2795,2795,1883,560,352,0.114,0.3714,0
standard20,coop,nightmare,4,200,9,200,1,0,0,0,0,1669,2029,2349,2984,3154,3154,2222,580,352,0.1008,0.4175,0
standard20,coop,nightmare,4,200,10,200,1,0,0,0,0.965,1622,1993,2301,1566,1736,1736,784,600,352,0.1851,0.7259,32.81
standard20,coop,nightmare,4,200,11,200,1,0,0,0,1,1898,2268.5,2629,2743,2952,3043,1889,620,443,0.1298,0.5232,17.47
standard20,coop,nightmare,4,200,12,200,1,0,0,0,0,1826,2299,2647,3800,4041,4041,2867,640,534,0.1172,0.5296,0
standard20,coop,nightmare,4,200,13,200,1,0,0,0,0.285,1794,2303,2767,4056,4389,4464,3270,660,534,0.1081,0.5879,1.035
standard20,coop,nightmare,4,200,14,200,1,0,0,0,0.975,1935,2542,3017,4015,4256,4556,3142,680,534,0.1093,0.6313,8.17
standard20,coop,nightmare,4,200,15,200,1,0,0,0,0.08,2016,2670,3196,4381,4681,4681,3447,700,534,0.1019,0.6154,0.29
standard20,coop,nightmare,4,200,16,200,1,21,0.105,0.105,1,1995,2761,3289,3158,3717,4461,2503,720,534,0.1248,0.7831,27.185
standard20,coop,nightmare,4,200,17,199,0.995,76,0.38,0.3819,0.7136,2077,2823,3643,728,4046,4772,2787,740,534,0.1131,0.818,4.7789
standard20,coop,nightmare,4,200,18,179,0.895,85,0.425,0.4749,0.5754,880,1759,3297,242,3037,5236,3037,0,0,0.0417,0.8685,7.324
standard20,coop,nightmare,4,200,19,41,0.205,4,0.02,0.0976,0.3171,1363,2259,3087,0,176,4525,176,0,0,0,0.4077,2.2927
standard20,coop,nightmare,4,200,20,18,0.09,12,0.06,0.6667,0.7778,1684,2223,3723,1031,2376,3665,1769.5,800,0,0,1.185,26.3333
