stage,bot,difficulty,players,runs,wave,reached,reached_frac,lost_here,loss_rate,hazard,leak_rate,coins_p10,coins_med,coins_p90,income_p10,income_med,income_p90,inc_kill_med,inc_wave_med,inc_farm_med,farm_share,pool_per_coin,base_loss_mean
standard20,greedy,normal,1,200,1,200,1,0,0,0,1,177,195,195,177,195,195,90,105,0,0,0.2,3.305
standard20,greedy,normal,1,200,2,200,1,0,0,0,1,113,359,395,182,200,236,90,110,0,0,0.252,3.845
standard20,greedy,normal,1,200,3,200,1,0,0,0,1,301,343,392,223,248,280,133,115,0,0,0.2415,3.37
standard20,greedy,normal,1,200,4,200,1,0,0,0,0.96,274,355,412,273,311,337,191,120,0,0,0.2688,2.995
standard20,greedy,normal,1,200,5,200,1,0,0,0,0,168,204,315,443,443,443,318,125,0,0,0.285,0
standard20,greedy,normal,1,200,6,200,1,0,0,0,0.48,248,328,391,408,450,450,320,130,0,0,0.2824,0.975
standard20,greedy,normal,1,200,7,200,1,0,0,0,0,234,272.5,326,534,534,534,399,135,0,0,0.3013,0
standard20,greedy,normal,1,200,8,200,1,0,0,0,0,215,255,307,581,581,581,441,140,0,0,0.3027,0
standard20,greedy,normal,1,200,9,200,1,0,0,0,0,278,318,370,663,663,663,518,145,0,0,0.334,0
standard20,greedy,normal,1,200,10,200,1,0,0,0,0,355,999.5,1065,1021,1021,1021,871,150,0,0,0.5722,0
standard20,greedy,normal,1,200,11,200,1,0,0,0,0,204,239,295,791,791,791,636,155,0,0,0.3368,0
standard20,greedy,normal,1,200,12,200,1,0,0,0,0,192,441,473,824,824,824,664,160,0,0,0.3482,0
standard20,greedy,normal,1,200,13,200,1,0,0,0,0.135,270,379,423,900,936,936,771,165,0,0,0.3783,0.52
standard20,greedy,normal,1,200,14,200,1,0,0,0,0,271,355,450,991,991,991,821,170,0,0,0.3939,0
standard20,greedy,normal,1,200,15,200,1,0,0,0,0,340,421,524,982,982,982,807,175,0,0,0.3803,0
standard20,greedy,normal,1,200,16,200,1,0,0,0,0,314,399,494,1175,1175,1175,995,180,0,0,0.4556,0
standard20,greedy,normal,1,200,17,200,1,0,0,0,0,293,366,452,1199,1199,1199,1014,185,0,0,0.4535,0
standard20,greedy,normal,1,200,18,200,1,0,0,0,0.11,368,442,508,1263,1289,1289,1099,190,0,0,0.4903,0.27
standard20,greedy,normal,1,200,19,200,1,0,0,0,0,257,340,599,1275,1275,1275,1080,195,0,0,0.4704,0
standard20,greedy,normal,1,200,20,200,1,0,0,0,0.27,146,1156,1465,664,1591,1591,1391,200,0,0,0.6257,13.5
standard20,greedy,normal,2,200,1,200,1,0,0,0,0,458,458,458,458,458,458,248,210,0,0,0.176,0
standard20,greedy,normal,2,200,2,200,1,0,0,0,0,366,666,666,508,508,508,288,220,0,0,0.1917,0
standard20,greedy,normal,2,200,3,200,1,0,0,0,0.21,329,629,629,540,563,563,333,230,0,0,0.191,0.255
standard20,greedy,normal,2,200,4,200,1,0,0,0,0.045,379,579,679,650,650,650,410,240,0,0,0.2072,0.06
standard20,greedy,normal,2,200,5,200,1,0,0,0,0,485,585,785,806,806,806,556,250,0,0,0.2507,0
standard20,greedy,normal,2,200,6,200,1,0,0,0,0,419,619,773,834,834,834,574,260,0,0,0.2371,0
standard20,greedy,normal,2,200,7,200,1,0,0,0,0,466,589,789,970,970,970,700,270,0,0,0.264,0
standard20,greedy,normal,2,200,8,200,1,0,0,0,0,439,566,739,1050,1050,1050,770,280,0,0,0.2713,0
standard20,greedy,normal,2,200,9,200,1,0,0,0,0,432,632,809,1193,1193,1193,903,290,0,0,0.299,0
standard20,greedy,normal,2,200,10,200,1,0,0,0,0,455,655,849,1823,1823,1823,1523,300,0,0,0.4517,0
standard20,greedy,normal,2,200,11,200,1,0,0,0,0,465,655,845,1410,1410,1410,1100,310,0,0,0.3135,0
standard20,greedy,normal,2,200,12,200,1,0,0,0,0,508,700,898,1493,1493,1493,1173,320,0,0,0.32,0
standard20,greedy,normal,2,200,13,200,1,0,0,0,0,530,680,870,1672,1672,1672,1342,330,0,0,0.3504,0
standard20,greedy,normal,2,200,14,200,1,0,0,0,0,555,809,1042,1785,1785,1785,1445,340,0,0,0.3716,0
standard20,greedy,normal,2,200,15,200,1,0,0,0,0,596,821,1053,1761,1761,1761,1411,350,0,0,0.356,0
standard20,greedy,normal,2,200,16,200,1,0,0,0,0,599,850.5,1112,2106,2106,2106,1746,360,0,0,0.43,0
standard20,greedy,normal,2,200,17,200,1,0,0,0,0,632,885.5,1162,2140,2140,2140,1770,370,0,0,0.4325,0
standard20,greedy,normal,2,200,18,200,1,0,0,0,0.01,739,1005,1293,2337,2337,2337,1957,380,0,0,0.4667,0.02
standard20,greedy,normal,2,200,19,200,1,0,0,0,0,785,1155,1465,2286,2286,2286,1896,390,0,0,0.4536,0
standard20,greedy,normal,2,200,20,200,1,0,0,0,0.835,266,701,2194,1211,1211,2834,811,400,0,0,0.5962,41.75
standard20,greedy,normal,4,200,1,200,1,0,0,0,0,876,876,876,876,876,876,456,420,0,0,0.162,0
standard20,greedy,normal,4,200,2,200,1,0,0,0,0,947,1247,1247,971,971,971,531,440,0,0,0.178,0
standard20,greedy,normal,4,200,3,200,1,0,0,0,0,913,1113,1413,1066,1066,1066,606,460,0,0,0.1774,0
standard20,greedy,normal,4,200,4,200,1,0,0,0,0,953,1153,1353,1240,1240,1240,760,480,0,0,0.1989,0
standard20,greedy,normal,4,200,5,200,1,0,0,0,0,978,1178,1378,1525,1525,1525,1025,500,0,0,0.2408,0
standard20,greedy,normal,4,200,6,200,1,0,0,0,0,952,1152,1402,1574,1574,1574,1054,520,0,0,0.2264,0
standard20,greedy,normal,4,200,7,200,1,0,0,0,0,984,1234,1484,1832,1832,1832,1292,540,0,0,0.2568,0
standard20,greedy,normal,4,200,8,200,1,0,0,0,0,1065,1265,1465,1981,1981,1981,1421,560,0,0,0.2648,0
standard20,greedy,normal,4,200,9,200,1,0,0,0,0,1123,1473,1773,2258,2258,2258,1678,580,0,0,0.2943,0
standard20,greedy,normal,4,200,10,200,1,0,0,0,0,1229,1551.5,1839,3426,3426,3426,2826,600,0,0,0.4458,0
standard20,greedy,normal,4,200,11,200,1,0,0,0,0,1274,1671.5,2044,2680,2680,2680,2060,620,0,0,0.3103,0
standard20,greedy,normal,4,200,12,200,1,0,0,0,0,1485,1890,2275,2801,2801,2801,2161,640,0,0,0.3184,0
standard20,greedy,normal,4,200,13,200,1,0,0,0,0,1454,2039,2514,3129,3129,3129,2469,660,0,0,0.3528,0
standard20,greedy,normal,4,200,14,200,1,0,0,0,0,1718,2223,2698,3364,3364,3364,2684,680,0,0,0.371,0
standard20,greedy,normal,4,200,15,200,1,0,0,0,0,1683,2298,2883,3300,3300,3300,2600,700,0,0,0.3554,0
standard20,greedy,normal,4,200,16,200,1,0,0,0,0,1943,2448,3108,3865,3945,3945,3225,720,0,0,0.4302,0
standard20,greedy,normal,4,200,17,200,1,0,0,0,0,1954,2769,3474,4046,4046,4126,3306,740,0,0,0.4346,0
standard20,greedy,normal,4,200,18,200,1,0,0,0,0,1874,2729,3564,4370,4370,4370,3610,760,0,0,0.4664,0
standard20,greedy,normal,4,200,19,200,1,0,0,0,0,2195,3030,3795,4296,4296,4296,3516,780,0,0,0.453,0
standard20,greedy,normal,4,200,20,200,1,0,0,0,0.01,3333,5823,6783,5318,5318,5318,4518,800,0,0,0.6036,0.01
standard20,greedy,hard,1,200,1,200,1,0,0,0,1,177,177,195,177,177,195,72,105,0,0,0.28,3.67
standard20,greedy,hard,1,200,2,200,1,0,0,0,1,359,359,395,182,182,200,72,110,0,0,0.351,4.67
standard20,greedy,hard,1,200,3,200,1,0,0,0,1,263,301,375,204,242,280,127,115,0,0,0.3423,4.3
standard20,greedy,hard,1,200,4,200,1,0,0,0,1,191,283.5,386,228,279,324,159,120,0,0,0.3725,4.9
standard20,greedy,hard,1,200,5,200,1,0,0,0,0.6,145,280,342,383,423,443,298,125,0,0,0.44,1.355
standard20,greedy,hard,1,200,6,200,1,0,0,0,1,175,254.5,404,230,264,300,134,130,0,0,0.4296,11.48
standard20,greedy,hard,1,200,7,200,1,0,0,0,0.375,181,270.5,448,429,534,534,399,135,0,0,0.4682,1.275
standard20,greedy,hard,1,200,8,200,1,0,0,0,0.005,198,290,377,581,581,581,441,140,0,0,0.4612,0.01
standard20,greedy,hard,1,200,9,200,1,0,0,0,0,261,352.5,425,663,663,663,518,145,0,0,0.4915,0
standard20,greedy,hard,1,200,10,200,1,0,0,0,0.265,279,350,1027,288,334,1021,184,150,0,0,0.838,0.535
standard20,greedy,hard,1,200,11,200,1,0,0,0,1,225,401.5,454,665,1352,1373,1197,155,0,0,0.5168,11.79
standard20,greedy,hard,1,200,12,200,1,0,0,0,0.015,233,279.5,417,824,824,824,664,160,0,0,0.509,0.015
standard20,greedy,hard,1,200,13,200,1,0,0,0,0.46,240,303.5,399,839,936,936,771,165,0,0,0.5544,1.5
standard20,greedy,hard,1,200,14,200,1,0,0,0,0,261,374.5,466,991,991,991,821,170,0,0,0.5762,0
standard20,greedy,hard,1,200,15,200,1,0,0,0,0,246,423.5,569,982,982,982,807,175,0,0,0.5585,0
standard20,greedy,hard,1,200,16,200,1,1,0.005,0.005,1,217,407.5,545,843,925,950,745,180,0,0,0.6806,20.525
standard20,greedy,hard,1,200,17,200,1,2,0.01,0.01,0.6,249,383.5,547,1058,1114,1199,929,185,0,0,0.6811,1.845
standard20,greedy,hard,1,200,18,199,0.995,0,0,0,0.2965,308,447,570,1263,1289,1345,1099,190,0,0,0.7247,0.9146
standard20,greedy,hard,1,200,19,197,0.985,0,0,0,0,263,376,652,1275,1275,1275,1080,195,0,0,0.6963,0
standard20,greedy,hard,1,200,20,197,0.985,194,0.97,0.9848,1,21,230,329,386,664,664,464,200,0,0,0.9219,52.4822
standard20,greedy,hard,2,200,1,200,1,0,0,0,0.235,427,458,458,427,458,458,248,210,0,0,0.244,0.235
standard20,greedy,hard,2,200,2,200,1,0,0,0,0.525,366,571,666,444,476,508,256,220,0,0,0.27,0.76
standard20,greedy,hard,2,200,3,200,1,0,0,0,0.245,329,573,629,540,563,563,333,230,0,0,0.2683,0.295
standard20,greedy,hard,2,200,4,200,1,0,0,0,0.49,356,578.5,679,604,650,650,410,240,0,0,0.2994,0.815
standard20,greedy,hard,2,200,5,200,1,0,0,0,0.005,444,632,770,806,806,806,556,250,0,0,0.3579,0.005
standard20,greedy,hard,2,200,6,200,1,0,0,0,1,379,588.5,762,612,684,759,424,260,0,0,0.3464,5.715
standard20,greedy,hard,2,200,7,200,1,0,0,0,0,432,588,744,970,970,970,700,270,0,0,0.3832,0
standard20,greedy,hard,2,200,8,200,1,0,0,0,0,432,614,774,1050,1050,1050,770,280,0,0,0.392,0
standard20,greedy,hard,2,200,9,200,1,0,0,0,0,450,629.5,787,1193,1193,1193,903,290,0,0,0.4293,0
standard20,greedy,hard,2,200,10,200,1,0,0,0,0.01,1657,1828.5,1954,1823,1823,1823,1523,300,0,0,0.7335,0.015
standard20,greedy,hard,2,200,11,200,1,0,0,0,1,487,679.5,812,1188,1225,1225,915,310,0,0,0.4546,10.85
standard20,greedy,hard,2,200,12,200,1,0,0,0,0,524,645.5,825,1493,1493,1493,1173,320,0,0,0.4594,0
standard20,greedy,hard,2,200,13,200,1,0,0,0,0,514,709.5,858,1672,1672,1672,1342,330,0,0,0.5076,0
standard20,greedy,hard,2,200,14,200,1,0,0,0,0.015,535,794,1015,1785,1785,1785,1445,340,0,0,0.5327,0.05
standard20,greedy,hard,2,200,15,200,1,0,0,0,0,602,833,1084,1761,1761,1761,1411,350,0,0,0.5088,0
standard20,greedy,hard,2,200,16,200,1,0,0,0,1,561,811,1059,1590,1676,1762,1316,360,0,0,0.627,19.66
standard20,greedy,hard,2,200,17,200,1,0,0,0,0.05,618,884,1150,2042,2140,2140,1770,370,0,0,0.6291,0.15
standard20,greedy,hard,2,200,18,200,1,0,0,0,0.015,689,962,1269,2337,2337,2386,1957,380,0,0,0.6753,0.09
standard20,greedy,hard,2,200,19,200,1,0,0,0,0,824,1136.5,1459,2286,2286,2286,1896,390,0,0,0.6551,0
standard20,greedy,hard,2,200,20,200,1,94,0.47,0.47,1,313,638.5,1050,616,724,778,324,400,0,0,0.8773,59.13
standard20,greedy,hard,4,200,1,200,1,0,0,0,0,876,876,876,876,876,876,456,420,0,0,0.228,0
standard20,greedy,hard,4,200,2,200,1,0,0,0,0,947,1247,1247,971,971,971,531,440,0,0,0.2485,0
standard20,greedy,hard,4,200,3,200,1,0,0,0,0,813,1113,1413,1066,1066,1066,606,460,0,0,0.249,0
standard20,greedy,hard,4,200,4,200,1,0,0,0,0.26,853,1153,1365,1196,1240,1240,760,480,0,0,0.2789,0.35
standard20,greedy,hard,4,200,5,200,1,0,0,0,0,934,1128,1378,1525,1525,1525,1025,500,0,0,0.335,0
standard20,greedy,hard,4,200,6,200,1,0,0,0,0.195,952,1152,1364,1528,1574,1574,1054,520,0,0,0.3168,0.26
standard20,greedy,hard,4,200,7,200,1,0,0,0,0,984,1191,1440,1832,1832,1832,1292,540,0,0,0.3594,0
standard20,greedy,hard,4,200,8,200,1,0,0,0,0,1019,1268,1519,1981,1981,1981,1421,560,0,0,0.3706,0
standard20,greedy,hard,4,200,9,200,1,0,0,0,0,1123,1423,1723,2258,2258,2258,1678,580,0,0,0.4111,0
standard20,greedy,hard,4,200,10,200,1,0,0,0,0.005,3099,3649,4011,3426,3426,3426,2826,600,0,0,0.7007,0.005
standard20,greedy,hard,4,200,11,200,1,0,0,0,0.98,1229,1621,1952,2266,2404,2611,1784,620,0,0,0.4397,7.48
standard20,greedy,hard,4,200,12,200,1,0,0,0,0,1271,1730,2173,2801,2801,2801,2161,640,0,0,0.447,0
standard20,greedy,hard,4,200,13,200,1,0,0,0,0,1460,1967,2479,3129,3129,3129,2469,660,0,0,0.497,0
standard20,greedy,hard,4,200,14,200,1,0,0,0,0.22,1655,2261,2711,3288,3364,3364,2684,680,0,0,0.5242,0.67
standard20,greedy,hard,4,200,15,200,1,0,0,0,0.01,1716,2320.5,2886,3300,3300,3300,2600,700,0,0,0.5027,0.015
standard20,greedy,hard,4,200,16,200,1,0,0,0,0.965,1813,2293,2909,3181,3501,3785,2781,720,0,0,0.613,10.26
standard20,greedy,hard,4,200,17,200,1,0,0,0,0,1935,2642.5,3479,4046,4046,4126,3306,740,0,0,0.6179,0
standard20,greedy,hard,4,200,18,200,1,0,0,0,0.3,2085,2757.5,3578,4285,4370,4370,3610,760,0,0,0.6658,0.78
standard20,greedy,hard,4,200,19,200,1,0,0,0,0.005,2254,3103,4074,4296,4296,4296,3516,780,0,0,0.6467,0.015
standard20,greedy,hard,4,200,20,200,1,0,0,0,0.995,1558,4227,5806,1000,3864,4514,3064,800,0,0,0.8663,36.61
standard20,greedy,nightmare,1,200,1,200,1,0,0,0,1,177,177,195,177,177,195,72,105,0,0,0.4,3.67
standard20,greedy,nightmare,1,200,2,200,1,0,0,0,1,359,359,395,182,182,200,72,110,0,0,0.504,4.67
standard20,greedy,nightmare,1,200,3,200,1,0,0,0,1,250,269,324,191,210,229,95,115,0,0,0.4892,5.635
standard20,greedy,nightmare,1,200,4,200,1,0,0,0,1,159,191,290,196,222,266,102,120,0,0,0.5337,8.05
standard20,greedy,nightmare,1,200,5,200,1,0,0,0,0.905,222,267,314,363,383,423,258,125,0,0,0.6637,2.665
standard20,greedy,nightmare,1,200,6,200,1,0,0,0,1,138,196,286,210,224,264,94,130,0,0,0.6418,13.705
standard20,greedy,nightmare,1,200,7,200,1,0,0,0,1,141,244.5,410,303,345,450,210,135,0,0,0.7512,8.205
standard20,greedy,nightmare,1,200,8,200,1,0,0,0,0.57,173,311.5,421,480,559,581,419,140,0,0,0.7248,2.07
standard20,greedy,nightmare,1,200,9,200,1,0,0,0,0.64,191,336,429,508,614,663,469,145,0,0,0.7768,3.04
standard20,greedy,nightmare,1,200,10,200,1,110,0.55,0.55,0.91,192,318.5,400,219,265,311,115,150,0,0,1.3871,30.33
standard20,greedy,nightmare,1,200,11,200,1,0,0,0,0.45,39,245.5,386,0,21,1265,21,0,0,0,0.0757,8.565
standard20,greedy,nightmare,1,200,12,90,0.45,10,0.05,0.1111,1,193,298.5,417,306,612,700,452,160,0,0,0.7884,9.1222
standard20,greedy,nightmare,1,200,13,80,0.4,8,0.04,0.1,1,180,282.5,416,351,570,642,405,165,0,0,0.8898,16.725
standard20,greedy,nightmare,1,200,14,72,0.36,9,0.045,0.125,1,219,319.5,403,501,922,945,752,170,0,0,0.9208,6.2222
standard20,greedy,nightmare,1,200,15,63,0.315,7,0.035,0.1111,0.6825,191,361,475,753,928,982,753,175,0,0,0.863,1.9683
standard20,greedy,nightmare,1,200,16,56,0.28,56,0.28,1,1,50,195.5,339,158,196,379,196,0,0,0,1.1041,10.5893
standard20,greedy,nightmare,2,200,1,200,1,0,0,0,0.36,427,458,458,427,458,458,248,210,0,0,0.352,0.36
standard20,greedy,nightmare,2,200,2,200,1,0,0,0,0.925,303,334,634,444,476,476,256,220,0,0,0.3392,1.16
standard20,greedy,nightmare,2,200,3,200,1,0,0,0,0.965,329,551,722,451,517,540,287,230,0,0,0.3831,2.1
standard20,greedy,nightmare,2,200,4,200,1,0,0,0,0.985,403,532,657,524,581,604,341,240,0,0,0.4286,3.155
standard20,greedy,nightmare,2,200,5,200,1,0,0,0,0.155,361,578.5,727,771,806,806,556,250,0,0,0.525,0.155
standard20,greedy,nightmare,2,200,6,200,1,0,0,0,1,393,588.5,692,537,573,623,313,260,0,0,0.5138,9.7
standard20,greedy,nightmare,2,200,7,200,1,0,0,0,0.345,407,594,754,859,970,970,700,270,0,0,0.5761,0.685
standard20,greedy,nightmare,2,200,8,200,1,0,0,0,0.04,443,614.5,787,1050,1050,1050,770,280,0,0,0.5808,0.08
standard20,greedy,nightmare,2,200,9,200,1,0,0,0,0.095,438,627,802,1193,1193,1193,903,290,0,0,0.6368,0.225
standard20,greedy,nightmare,2,200,10,200,1,0,0,0,0.485,456,600.5,735,500,620,620,320,300,0,0,1.0724,0.84
standard20,greedy,nightmare,2,200,11,200,1,0,0,0,1,474,661.5,800,2317,2354,2391,2044,310,0,0,0.6715,13.53
standard20,greedy,nightmare,2,200,12,200,1,0,0,0,0.03,528,656.5,816,1493,1493,1493,1173,320,0,0,0.6744,0.045
standard20,greedy,nightmare,2,200,13,200,1,0,0,0,0.98,508,661,865,1279,1413.5,1535,1083.5,330,0,0,0.7544,7.57
standard20,greedy,nightmare,2,200,14,200,1,0,0,0,0.995,560,731.5,931,1539,1621,1703,1281,340,0,0,0.7963,7.73
standard20,greedy,nightmare,2,200,15,200,1,0,0,0,0.46,558,829.5,1047,1573,1761,1761,1411,350,0,0,0.7625,1.325
standard20,greedy,nightmare,2,200,16,200,1,18,0.09,0.09,1,500,793,1063,928,1072,1174,712,360,0,0,0.9651,37.045
standard20,greedy,nightmare,2,200,17,185,0.925,70,0.35,0.3784,0.9838,352,717,1083,738,1452,1550,1082,370,0,0,0.9939,10.6216
standard20,greedy,nightmare,2,200,18,130,0.65,106,0.53,0.8154,0.8615,221,447,748,69,1135.5,1419,1135.5,0,0,0,1.0766,7.4462
standard20,greedy,nightmare,2,200,19,7,0.035,6,0.03,0.8571,0.8571,72,607,800,0,631,789,631,0,0,0,1.0433,8.5714
standard20,greedy,nightmare,4,200,1,200,1,0,0,0,0,876,876,876,876,876,876,456,420,0,0,0.326,0
standard20,greedy,nightmare,4,200,2,200,1,0,0,0,0,947,1247,1247,971,971,971,531,440,0,0,0.3561,0
standard20,greedy,nightmare,4,200,3,200,1,0,0,0,0.075,1071,1113,1413,1066,1066,1066,606,460,0,0,0.3553,0.075
standard20,greedy,nightmare,4,200,4,200,1,0,0,0,0.985,921,1065,1321,1108,1152,1196,672,480,0,0,0.3977,2.425
standard20,greedy,nightmare,4,200,5,200,1,0,0,0,0,934,1190,1346,1525,1525,1525,1025,500,0,0,0.4873,0
standard20,greedy,nightmare,4,200,6,200,1,0,0,0,1,908,1178,1388,1252,1298,1344,778,520,0,0,0.4715,5.995
standard20,greedy,nightmare,4,200,7,200,1,0,0,0,0,976,1215,1430,1832,1832,1832,1292,540,0,0,0.5301,0
standard20,greedy,nightmare,4,200,8,200,1,0,0,0,0.505,965,1213,1439,1918,1918,1981,1358,560,0,0,0.5438,1.19
standard20,greedy,nightmare,4,200,9,200,1,0,0,0,0,1117,1400,1665,2258,2258,2258,1678,580,0,0,0.603,0
standard20,greedy,nightmare,4,200,10,200,1,0,0,0,1,1161,1460,1741,1044,1192,1192,592,600,0,0,1.0316,50.62
standard20,greedy,nightmare,4,200,11,200,1,0,0,0,1,1255,1611.5,1927,2043,2120,2197,1500,620,0,0,0.7312,15.49
standard20,greedy,nightmare,4,200,12,200,1,0,0,0,0.005,1350,1702,2025,2801,2801,2878,2161,640,0,0,0.7283,0.005
standard20,greedy,nightmare,4,200,13,200,1,24,0.12,0.12,1,1208,1703.5,2165,1128,1926,2145,1266,660,0,0,0.8326,18.97
standard20,greedy,nightmare,4,200,14,176,0.88,169,0.845,0.9602,1,788,1234.5,1769,1480,1640,1808,1640,0,0,0,0.892,6.3523
standard20,greedy,nightmare,4,200,15,7,0.035,5,0.025,0.7143,0.7143,896,1878,2913,1796,2170,3300,2170,0,0,0,0.8363,1.8571
standard20,greedy,nightmare,4,200,16,2,0.01,2,0.01,1,1,1186,1337,1488,925,987,1049,987,0,0,0,0.9706,1.5
standard20,farm,normal,1,200,1,200,1,0,0,0,0,199,199,199,299,299,299,144,105,50,0.1672,0.1818,0
standard20,farm,normal,1,200,2,200,1,0,0,0,0,221,221,221,322,322,322,162,110,50,0.1553,0.18,0
standard20,farm,normal,1,200,3,200,1,0,0,0,0,317,317,317,396,396,396,191,115,90,0.2273,0.1847,0
standard20,farm,normal,1,200,4,200,1,0,0,0,0.01,457,457,457,440,440,440,230,120,90,0.2046,0.215,0.01
standard20,farm,normal,1,200,5,200,1,0,0,0,0,290,590,590,533,533,533,318,125,90,0.1689,0.2613,0
standard20,farm,normal,1,200,6,200,1,0,0,0,0.005,480,480,530,540,590,590,320,130,140,0.2171,0.2277,0.005
standard20,farm,normal,1,200,7,200,1,0,0,0,0,544,594,594,714,714,714,399,135,180,0.2502,0.2524,0
standard20,farm,normal,1,200,8,200,1,0,0,0,0,600,650,650,806,806,806,441,140,225,0.2767,0.2517,0
standard20,farm,normal,1,200,9,200,1,0,0,0,0,478,538,628,888,888,888,518,145,225,0.2511,0.2635,0
standard20,farm,normal,1,200,10,200,1,0,0,0,0.98,397,447,647,559,559,559,184,150,225,0.3996,0.4315,49
standard20,farm,normal,1,200,11,200,1,0,0,0,0.01,463,513,663,1016,1016,1016,636,155,225,0.2179,0.2962,0.02
standard20,farm,normal,1,200,12,200,1,0,0,0,0,502,562,652,1049,1049,1049,664,160,225,0.2138,0.2963,0
standard20,farm,normal,1,200,13,200,1,0,0,0,0,413,563,713,1161,1161,1161,771,165,225,0.1932,0.3204,0
standard20,farm,normal,1,200,14,200,1,0,0,0,0,469,626,669,1216,1216,1216,821,170,225,0.1844,0.3355,0
standard20,farm,normal,1,200,15,200,1,0,0,0,0,526,576,683,1207,1207,1207,807,175,225,0.1858,0.3177,0
standard20,farm,normal,1,200,16,200,1,0,0,0,0.01,476,636,726,1375,1400,1400,995,180,225,0.1611,0.3847,0.02
standard20,farm,normal,1,200,17,200,1,0,0,0,0,597,690,760,1424,1424,1449,1014,185,225,0.1566,0.3851,0
standard20,farm,normal,1,200,18,200,1,0,0,0,0.025,309,494,584,1289,1289,1289,1099,190,0,0,0.4151,0.05
standard20,farm,normal,1,200,19,200,1,0,0,0,0,299,454,594,1275,1275,1275,1080,195,0,0,0.4043,0
standard20,farm,normal,1,200,20,200,1,83,0.415,0.415,0.415,213,1035,1195,664,1591,1591,1391,200,0,0,0.5385,20.75
standard20,farm,normal,2,200,1,200,1,0,0,0,0,658,658,658,558,558,558,248,210,100,0.1792,0.1853,0
standard20,farm,normal,2,200,2,200,1,0,0,0,0,666,666,866,608,608,608,288,220,100,0.1645,0.1764,0
standard20,farm,normal,2,200,3,200,1,0,0,0,0,469,729,769,663,703,703,333,230,140,0.1852,0.1787,0
standard20,farm,normal,2,200,4,200,1,0,0,0,0,599,699,959,790,830,830,410,240,180,0.2034,0.1865,0
standard20,farm,normal,2,200,5,200,1,0,0,0,0,635,985,1195,986,986,1036,556,250,180,0.2021,0.2347,0
standard20,farm,normal,2,200,6,200,1,0,0,0,0,689,849,1049,1064,1104,1104,574,260,270,0.2345,0.209,0
standard20,farm,normal,2,200,7,200,1,0,0,0,0,739,934,1089,1200,1240,1285,700,270,270,0.2178,0.2306,0
standard20,farm,normal,2,200,8,200,1,0,0,0,0.005,759,901.5,1104,1320,1365,1365,770,280,315,0.2195,0.2328,0.02
standard20,farm,normal,2,200,9,200,1,0,0,0,0,792,982,1112,1463,1508,1508,903,290,315,0.1983,0.2537,0
standard20,farm,normal,2,200,10,200,1,0,0,0,0.64,737,897,1062,890,935,935,320,300,315,0.3225,0.4242,32
standard20,farm,normal,2,200,11,200,1,0,0,0,0,802,952,1125,1680,1725,2928,1100,310,315,0.1386,0.2877,0
standard20,farm,normal,2,200,12,200,1,0,0,0,0,793,984,1170,1763,1808,1808,1173,320,315,0.1657,0.2889,0
standard20,farm,normal,2,200,13,200,1,0,0,0,0,812,957,1157,1942,1987,1987,1342,330,315,0.1506,0.314,0
standard20,farm,normal,2,200,14,200,1,0,0,0,0,825,1043.5,1270,2055,2100,2100,1445,340,315,0.1425,0.3298,0
standard20,farm,normal,2,200,15,200,1,0,0,0,0,903,1107,1306,2031,2076,2076,1411,350,315,0.1441,0.3155,0
standard20,farm,normal,2,200,16,200,1,0,0,0,0,929,1180,1409,2376,2421,2421,1746,360,315,0.1235,0.3798,0
standard20,farm,normal,2,200,17,200,1,0,0,0,0,964,1206.5,1539,2410,2455,2455,1770,370,315,0.1217,0.382,0
standard20,farm,normal,2,200,18,200,1,0,0,0,0,654,987.5,1266,2337,2337,2337,1957,380,0,0,0.4103,0
standard20,farm,normal,2,200,19,200,1,0,0,0,0,707,1059.5,1382,2286,2286,2286,1896,390,0,0,0.4015,0
standard20,farm,normal,2,200,20,200,1,128,0.64,0.64,1,273,606,1016,1211,1211,1211,811,400,0,0,0.5333,50
standard20,farm,normal,4,200,1,200,1,0,0,0,0,1026,1026,1326,1026,1026,1026,456,420,150,0.1462,0.162,0
standard20,farm,normal,4,200,2,200,1,0,0,0,0,987,1187,1447,1121,1121,1161,531,440,150,0.1392,0.1638,0
standard20,farm,normal,4,200,3,200,1,0,0,0,0,1183,1343,1643,1256,1296,1296,606,460,230,0.1681,0.1687,0
standard20,farm,normal,4,200,4,200,1,0,0,0,0,1153,1363,1613,1470,1470,1510,760,480,230,0.1663,0.1844,0
standard20,farm,normal,4,200,5,200,1,0,0,0,0,1248,1478,1678,1755,1795,1795,1025,500,270,0.1464,0.2219,0
standard20,farm,normal,4,200,6,200,1,0,0,0,0,1212,1442,1692,1844,1844,1844,1054,520,270,0.1464,0.206,0
standard20,farm,normal,4,200,7,200,1,0,0,0,0,1254,1494,1744,2102,2102,2102,1292,540,270,0.1284,0.2314,0
standard20,farm,normal,4,200,8,200,1,0,0,0,0,1295,1540,1755,2251,2251,2251,1421,560,270,0.1199,0.2373,0
standard20,farm,normal,4,200,9,200,1,0,0,0,0,1483,1843,2133,2528,2528,2528,1678,580,270,0.1068,0.2651,0
standard20,farm,normal,4,200,10,200,1,0,0,0,0,1425,1715,2005,1462,1462,1462,592,600,270,0.1847,0.4458,0
standard20,farm,normal,4,200,11,200,1,0,0,0,0,1524,1889,2309,5184,5184,5184,4294,620,270,0.0521,0.2794,0
standard20,farm,normal,4,200,12,200,1,0,0,0,0,1665,2150,2600,3071,3071,3071,2161,640,270,0.0879,0.2868,0
standard20,farm,normal,4,200,13,200,1,0,0,0,0,1789,2289,2749,3399,3399,3399,2469,660,270,0.0794,0.3184,0
standard20,farm,normal,4,200,14,200,1,0,0,0,0,1843,2395.5,2943,3634,3634,3634,2684,680,270,0.0743,0.3347,0
standard20,farm,normal,4,200,15,200,1,0,0,0,0,1953,2488,3033,3570,3570,3570,2600,700,270,0.0756,0.321,0
standard20,farm,normal,4,200,16,200,1,0,0,0,0.005,2023,2623,3298,4135,4135,4215,3145,720,270,0.0647,0.3909,0.01
standard20,farm,normal,4,200,17,200,1,0,0,0,0,2184,2941.5,3574,4316,4396,4396,3386,740,270,0.0619,0.3953,0
standard20,farm,normal,4,200,18,200,1,0,0,0,0.035,1969,2759,3519,4370,4370,4370,3610,760,0,0,0.4269,0.09
standard20,farm,normal,4,200,19,200,1,0,0,0,0,2200,3065,3875,4296,4296,4296,3516,780,0,0,0.4173,0
standard20,farm,normal,4,200,20,200,1,0,0,0,0.615,1424,2776.5,5664,2304,2304,5318,1504,800,0,0,0.551,30.75
standard20,farm,hard,1,200,1,200,1,0,0,0,1,391,391,427,191,191,227,36,105,50,0.2456,0.35,5.3
standard20,farm,hard,1,200,2,200,1,0,0,0,0.87,323,349,377,232,286,322,126,110,50,0.178,0.3191,2.285
standard20,farm,hard,1,200,3,200,1,0,0,0,0.17,379,405,433,337,356,356,191,115,50,0.1417,0.3179,0.17
standard20,farm,hard,1,200,4,200,1,0,0,0,0.62,236,452,527,382,427,440,217,120,90,0.2162,0.3311,1.48
standard20,farm,hard,1,200,5,200,1,0,0,0,0.83,269,310,454,315,345,563,130,125,90,0.2439,0.3826,8.875
standard20,farm,hard,1,200,6,200,1,0,0,0,1,273,421,518,328,413,512,160,130,90,0.2596,0.38,8.435
standard20,farm,hard,1,200,7,200,1,0,0,0,0.765,278,422,548,506,624,714,336,135,140,0.231,0.4097,3.56
standard20,farm,hard,1,200,8,200,1,0,0,0,0.33,349,485.5,581,671,742,761,441,140,180,0.2126,0.4126,1.51
standard20,farm,hard,1,200,9,200,1,0,0,0,0,373,500,631,753,843,843,518,145,180,0.1875,0.438,0
standard20,farm,hard,1,200,10,200,1,16,0.08,0.08,1,366,525.5,595,424,514,514,184,150,180,0.3142,0.7229,50
standard20,farm,hard,1,200,11,200,1,99,0.495,0.495,0.92,109,282,617,66,178.5,782,178.5,0,0,0.1964,0.4975,13.08
standard20,farm,hard,1,200,12,94,0.47,4,0.02,0.0426,0.2447,161,479.5,619,494,1004,1028,664,160,180,0.1695,0.4631,1.0319
standard20,farm,hard,1,200,13,81,0.405,1,0.005,0.0123,0.037,428,577,638,1055,1116,1116,771,165,180,0.1544,0.5,0.0741
standard20,farm,hard,1,200,14,80,0.4,0,0,0,0,411,580.5,655,1171,1171,1171,821,170,180,0.148,0.5147,0
standard20,farm,hard,1,200,15,80,0.4,0,0,0,0,423,524,635,1162,1162,1162,807,175,180,0.1491,0.4869,0
standard20,farm,hard,1,200,16,80,0.4,71,0.355,0.8875,1,39,231,496,512,613,1055,613,0,0,0.061,0.5985,12.675
standard20,farm,hard,1,200,17,20,0.1,0,0,0,0,22,387.5,619,0,0,1379,0,0,0,0.133,0.0825,0
standard20,farm,hard,1,200,18,9,0.045,0,0,0,0,360,568,602,1289,1289,1402,1099,190,0,0,0.6237,0
standard20,farm,hard,1,200,19,9,0.045,0,0,0,0,314,437,646,1275,1275,1275,1080,195,0,0,0.6012,0
standard20,farm,hard,1,200,20,9,0.045,9,0.045,1,1,10,243,329,664,664,664,464,200,0,0,0.7972,50
standard20,farm,hard,2,200,1,200,1,0,0,0,1,772,803,834,372,403,434,93,210,100,0.2456,0.305,4.865
standard20,farm,hard,2,200,2,200,1,0,0,0,0.57,642,711,742,544,576,608,256,220,100,0.1733,0.27,0.97
standard20,farm,hard,2,200,3,200,1,0,0,0,0,678,773,805,663,663,663,333,230,100,0.1539,0.2683,0
standard20,farm,hard,2,200,4,200,1,0,0,0,0,640,704,935,830,830,830,410,240,180,0.2167,0.2758,0
standard20,farm,hard,2,200,5,200,1,0,0,0,0.765,681,764,1019,675,710,986,280,250,180,0.2416,0.3498,7.935
standard20,farm,hard,2,200,6,200,1,0,0,0,0.975,651,809.5,936,720,853,1014,366,260,230,0.2581,0.3268,6.71
standard20,farm,hard,2,200,7,200,1,0,0,0,0.105,681,890,1069,1130,1240,1240,700,270,270,0.2106,0.3592,0.315
standard20,farm,hard,2,200,8,200,1,0,0,0,0.005,738,896,1086,1320,1320,1365,770,280,270,0.2062,0.3564,0.01
standard20,farm,hard,2,200,9,200,1,0,0,0,0,726,912.5,1062,1463,1463,1508,903,290,270,0.186,0.3826,0
standard20,farm,hard,2,200,10,200,1,0,0,0,1,721,939,1076,890,890,935,320,300,270,0.3054,0.6391,50
standard20,farm,hard,2,200,11,200,1,14,0.07,0.07,1,755,889,1099,1310,1347,1384,767,310,270,0.2006,0.4475,18.08
standard20,farm,hard,2,200,12,186,0.93,0,0,0,0.0161,836,980,1172,1763,1763,1808,1173,320,270,0.1559,0.4447,0.0484
standard20,farm,hard,2,200,13,186,0.93,0,0,0,0,803,915,1143,1942,1942,1987,1342,330,270,0.1414,0.4801,0
standard20,farm,hard,2,200,14,186,0.93,0,0,0,0,780,972.5,1195,2055,2055,2100,1445,340,270,0.1336,0.497,0
standard20,farm,hard,2,200,15,186,0.93,0,0,0,0.0054,841,1084.5,1292,2031,2031,2076,1411,350,270,0.1353,0.473,0.0538
standard20,farm,hard,2,200,16,186,0.93,185,0.925,0.9946,1,183,423.5,725,730,798,942,798,0,0,0.0203,0.5918,12.5
standard20,farm,hard,2,200,17,12,0.06,0,0,0,0,65,373.5,804,0,0,0,0,0,0,0.1144,0.0518,0
standard20,farm,hard,2,200,18,1,0.005,1,0.005,1,1,719,719,719,1914,1914,1914,1914,0,0,0,0.6193,4
standard20,farm,hard,4,200,1,200,1,0,0,0,1,1398,1455,1512,798,855,912,285,420,150,0.1767,0.2682,3.11
standard20,farm,hard,4,200,2,200,1,0,0,0,0.155,1160,1233,1333,1062,1121,1121,531,440,150,0.1353,0.2432,0.205
standard20,farm,hard,4,200,3,200,1,0,0,0,0,1135,1292,1535,1216,1216,1216,606,460,150,0.1238,0.2447,0
standard20,farm,hard,4,200,4,200,1,0,0,0,0,1219,1359,1619,1470,1510,1510,760,480,270,0.174,0.2674,0
standard20,farm,hard,4,200,5,200,1,0,0,0,0,1254,1440,1654,1795,1795,1795,1025,500,270,0.1503,0.3182,0
standard20,farm,hard,4,200,6,200,1,0,0,0,0.69,1255,1465.5,1700,1706,1798,1844,1008,520,270,0.1517,0.2963,1.385
standard20,farm,hard,4,200,7,200,1,0,0,0,0,1257,1476,1712,2102,2102,2102,1292,540,270,0.1284,0.3302,0
standard20,farm,hard,4,200,8,200,1,0,0,0,0,1287,1537,1751,2251,2251,2251,1421,560,270,0.1199,0.3386,0
standard20,farm,hard,4,200,9,200,1,0,0,0,0,1412,1736.5,2029,2528,2528,2528,1678,580,270,0.1068,0.3754,0
standard20,farm,hard,4,200,10,200,1,0,0,0,1,1428,1682.5,1957,1462,1462,1462,592,600,270,0.1847,0.6326,50
standard20,farm,hard,4,200,11,200,1,0,0,0,1,1477,1919,2222,2329,2398,2398,1508,620,270,0.1134,0.4492,16.5
standard20,farm,hard,4,200,12,200,1,0,0,0,0,1606,1970.5,2319,3071,3071,3071,2161,640,270,0.0879,0.4503,0
standard20,farm,hard,4,200,13,200,1,0,0,0,0,1705,2134,2592,3399,3399,3399,2469,660,270,0.0794,0.4932,0
standard20,farm,hard,4,200,14,200,1,0,0,0,0.04,1884,2371.5,2794,3634,3634,3634,2684,680,270,0.0744,0.5152,0.08
standard20,farm,hard,4,200,15,200,1,0,0,0,0,1940,2470.5,3047,3570,3570,3570,2600,700,270,0.0756,0.4912,0
standard20,farm,hard,4,200,16,200,1,168,0.84,0.84,1,1061,1882,2830,1278,1968.5,3148,1483,360,135,0.0653,0.6141,27.915
standard20,farm,hard,4,200,17,100,0.5,3,0.015,0.03,0.17,1042,1774.5,2798,0,0,3766,0,0,0,0.0693,0.0559,0.69
standard20,farm,hard,4,200,18,30,0.15,11,0.055,0.3667,0.7333,1631,2386,2994,3190,4560,4829,3800,760,0,0,0.6537,2.7333
standard20,farm,hard,4,200,19,18,0.09,0,0,0,0,2014,2890.5,3414,4296,4296,4296,3516,780,0,0,0.6308,0
standard20,farm,hard,4,200,20,18,0.09,18,0.09,1,1,1457,2061,2527,700,2304,2304,1504,800,0,0,0.8339,40
standard20,farm,nightmare,1,200,1,200,1,0,0,0,1,373,373,391,173,173,191,18,105,50,0.2789,0.5,6.65
standard20,farm,nightmare,1,200,2,200,1,0,0,0,1,287,323,341,214,232,250,72,110,50,0.2145,0.4582,4.94
standard20,farm,nightmare,1,200,3,200,1,0,0,0,0.92,254,322,379,267,305,343,140,115,50,0.1625,0.4543,2.73
standard20,farm,nightmare,1,200,4,200,1,0,0,0,1,279,378,467,312,357,395,147,120,90,0.2549,0.5024,5.45
standard20,farm,nightmare,1,200,5,200,1,0,0,0,1,247,344.5,409,255,295,335,80,125,90,0.3042,0.6305,13.955
standard20,farm,nightmare,1,200,6,200,1,0,0,0,1,265,364.5,481,260,274,350,54,130,90,0.3258,0.6139,15.31
standard20,farm,nightmare,1,200,7,200,1,0,0,0,1,295,423,498,330,386.5,443,147,135,90,0.2641,0.7223,12.06
standard20,farm,nightmare,1,200,8,200,1,0,0,0,0.925,313,411,536,526,638,685,343,140,140,0.2275,0.7022,7.78
standard20,farm,nightmare,1,200,9,200,1,1,0.005,0.005,0.805,341,440.5,568,598,686,843,429,145,140,0.2007,0.7369,4.715
standard20,farm,nightmare,1,200,10,199,0.995,199,0.995,1,1,346,485,579,309,451,514,184,150,140,0.3161,1.2258,50.8241
standard20,farm,nightmare,1,200,11,197,0.985,0,0,0,0,22,91,206,0,0,0,0,0,0,0,0.0596,0
standard20,farm,nightmare,2,200,1,200,1,0,0,0,1,741,772,772,341,372,372,62,210,100,0.2799,0.44,6.475
standard20,farm,nightmare,2,200,2,200,1,0,0,0,1,588,589,621,416,448,480,128,220,100,0.2244,0.4009,5.075
standard20,farm,nightmare,2,200,3,200,1,0,0,0,0.445,586,652,683,597,663,663,333,230,100,0.1558,0.3968,0.655
standard20,farm,nightmare,2,200,4,200,1,0,0,0,0.935,547,792,889,716,773,807,353,240,180,0.2334,0.4412,2.055
standard20,farm,nightmare,2,200,5,200,1,0,0,0,1,588,725.5,798,535,605,675,175,250,180,0.2976,0.5378,13.005
standard20,farm,nightmare,2,200,6,200,1,0,0,0,1,592,684.5,859,512,573,648,108,260,180,0.3488,0.5247,15.54
standard20,farm,nightmare,2,200,7,200,1,0,0,0,1,733,862,967,758,819,869,332,270,230,0.2574,0.6081,9.915
standard20,farm,nightmare,2,200,8,200,1,0,0,0,0.485,737,819.5,967,1218,1286,1320,770,280,270,0.2047,0.5851,1.95
standard20,farm,nightmare,2,200,9,200,1,0,0,0,0.035,714,933.5,1031,1423,1463,1463,903,290,270,0.1806,0.6289,0.125
standard20,farm,nightmare,2,200,10,200,1,181,0.905,0.905,1,751,929,1052,850,890,890,320,300,270,0.2982,1.0363,50.1
standard20,farm,nightmare,2,200,11,200,1,19,0.095,0.095,0.095,65,165.5,337,0,0,0,0,0,0,0,0.051,0.34
standard20,farm,nightmare,4,200,1,200,1,0,0,0,1,1398,1455,1455,798,855,855,285,420,150,0.1814,0.3835,3.495
standard20,farm,nightmare,4,200,2,200,1,0,0,0,0.93,1076,1201,1317,944,1003,1062,413,440,150,0.151,0.3561,2.165
standard20,farm,nightmare,4,200,3,200,1,0,0,0,0.01,974,1217,1333,1216,1216,1216,606,460,150,0.1236,0.3553,0.01
standard20,farm,nightmare,4,200,4,200,1,0,0,0,0.365,1227,1426,1609,1422,1490,1510,760,480,270,0.178,0.3977,0.53
standard20,farm,nightmare,4,200,5,200,1,0,0,0,0.08,1234,1443,1645,1795,1795,1795,1025,500,270,0.151,0.4625,0.115
standard20,farm,nightmare,4,200,6,200,1,0,0,0,0.995,1191,1373,1582,1212,1298,1456,508,520,270,0.2032,0.4484,10.03
standard20,farm,nightmare,4,200,7,200,1,0,0,0,0.055,1343,1593,1812,2102,2102,2102,1292,540,270,0.1287,0.5038,0.055
standard20,farm,nightmare,4,200,8,200,1,0,0,0,0.26,1256,1479,1716,2188,2251,2251,1421,560,270,0.1211,0.5039,0.7
standard20,farm,nightmare,4,200,9,200,1,0,0,0,0,1353,1673.5,1948,2528,2528,2528,1678,580,270,0.1068,0.5553,0
standard20,farm,nightmare,4,200,10,200,1,0,0,0,1,1388,1659,1934,1462,1462,1462,592,600,270,0.1847,0.9376,50
standard20,farm,nightmare,4,200,11,200,1,11,0.055,0.055,1,1433,1751,2079,1644,1798,2029,908,620,270,0.1465,0.6767,25.685
standard20,farm,nightmare,4,200,12,196,0.98,138,0.69,0.7041,0.9592,643,1067.5,1898,993,1419,2645,1419,0,0,0.0441,0.6956,6.0357
standard20,farm,nightmare,4,200,13,51,0.255,37,0.185,0.7255,0.9412,754,1261,2099,1185,1518,3342,1518,0,0,0.0394,0.7696,3.3137
standard20,farm,nightmare,4,200,14,14,0.07,8,0.04,0.5714,1,1107,1672,2510,1236,1976,3254,1976,0,0,0.0516,0.7802,9.7143
standard20,farm,nightmare,4,200,15,6,0.03,0,0,0,0.1667,2163,2624,2892,3484,3570,3570,2600,700,270,0.0759,0.7285,0.1667
standard20,farm,nightmare,4,200,16,6,0.03,6,0.03,1,1,957,1395,1634,577,639,887,639,0,0,0,0.9199,4.1667
standard20,aoe,normal,1,200,1,200,1,0,0,0,0,149,149,299,249,249,249,144,105,0,0,0.1818,0
standard20,aoe,normal,1,200,2,200,1,0,0,0,0,271,421,421,272,272,272,162,110,0,0,0.2291,0
standard20,aoe,normal,1,200,3,200,1,0,0,0,0,277,327,327,306,306,306,191,115,0,0,0.2093,0
standard20,aoe,normal,1,200,4,200,1,0,0,0,0,327,377,377,350,350,350,230,120,0,0,0.2389,0
standard20,aoe,normal,1,200,5,200,1,0,0,0,0,170,220,520,443,443,443,318,125,0,0,0.2613,0
standard20,aoe,normal,1,200,6,200,1,0,0,0,0,270,320,370,450,450,450,320,130,0,0,0.2567,0
standard20,aoe,normal,1,200,7,200,1,0,0,0,0,204,254,304,534,534,534,399,135,0,0,0.2788,0
standard20,aoe,normal,1,200,8,200,1,0,0,0,0,185,235,285,581,581,581,441,140,0,0,0.2835,0
standard20,aoe,normal,1,200,9,200,1,0,0,0,0,248,298,348,663,663,663,518,145,0,0,0.3156,0
standard20,aoe,normal,1,200,10,200,1,0,0,0,0.515,282,332,382,334,334,334,184,150,0,0,0.5427,25.75
standard20,aoe,normal,1,200,11,200,1,0,0,0,0,223,273,473,791,791,1478,636,155,0,0,0.3631,0
standard20,aoe,normal,1,200,12,200,1,0,0,0,0,184,297,484,824,824,824,664,160,0,0,0.3614,0
standard20,aoe,normal,1,200,13,200,1,0,0,0,0,283,320,533,936,936,936,771,165,0,0,0.3961,0
standard20,aoe,normal,1,200,14,200,1,0,0,0,0,211,361,511,991,991,991,821,170,0,0,0.4138,0
standard20,aoe,normal,1,200,15,200,1,0,0,0,0,233,383,543,982,982,982,807,175,0,0,0.3904,0
standard20,aoe,normal,1,200,16,200,1,0,0,0,0.095,231,406,533,1125,1175,1175,995,180,0,0,0.4663,0.29
standard20,aoe,normal,1,200,17,200,1,0,0,0,0,267,417,580,1199,1199,1249,1014,185,0,0,0.4653,0
standard20,aoe,normal,1,200,18,200,1,0,0,0,0.35,306,459,546,1237,1289,1289,1099,190,0,0,0.5019,1.37
standard20,aoe,normal,1,200,19,200,1,0,0,0,0,275,444,654,1275,1275,1275,1080,195,0,0,0.4811,0
standard20,aoe,normal,1,200,20,200,1,103,0.515,0.515,1,28,225,322,664,664,664,464,200,0,0,0.6339,50
standard20,aoe,normal,2,200,1,200,1,0,0,0,0,408,408,558,458,458,458,248,210,0,0,0.1717,0
standard20,aoe,normal,2,200,2,200,1,0,0,0,0,466,616,666,508,508,508,288,220,0,0,0.1877,0
standard20,aoe,normal,2,200,3,200,1,0,0,0,0,429,579,729,563,563,563,333,230,0,0,0.1878,0
standard20,aoe,normal,2,200,4,200,1,0,0,0,0,379,629,779,650,650,650,410,240,0,0,0.2101,0
standard20,aoe,normal,2,200,5,200,1,0,0,0,0,435,660,885,806,806,806,556,250,0,0,0.255,0
standard20,aoe,normal,2,200,6,200,1,0,0,0,0,419,569,719,834,834,834,574,260,0,0,0.2349,0
standard20,aoe,normal,2,200,7,200,1,0,0,0,0,439,639,789,970,970,970,700,270,0,0,0.2662,0
standard20,aoe,normal,2,200,8,200,1,0,0,0,0,439,589,789,1050,1050,1050,770,280,0,0,0.2713,0
standard20,aoe,normal,2,200,9,200,1,0,0,0,0,482,682,832,1193,1193,1193,903,290,0,0,0.3008,0
standard20,aoe,normal,2,200,10,200,1,0,0,0,0.475,402,602,752,620,620,620,320,300,0,0,0.5091,23.75
standard20,aoe,normal,2,200,11,200,1,0,0,0,0.005,495,655,815,1410,2613,2613,2303,310,0,0,0.3203,0.01
standard20,aoe,normal,2,200,12,200,1,0,0,0,0,555,755,955,1493,1493,1493,1173,320,0,0,0.328,0
standard20,aoe,normal,2,200,13,200,1,0,0,0,0,527,720,920,1672,1672,1672,1342,330,0,0,0.3574,0
standard20,aoe,normal,2,200,14,200,1,0,0,0,0,545,762,1012,1785,1785,1785,1445,340,0,0,0.3773,0
standard20,aoe,normal,2,200,15,200,1,0,0,0,0,613,856,1106,1761,1761,1761,1411,350,0,0,0.3621,0
standard20,aoe,normal,2,200,16,200,1,0,0,0,0.005,612,829,1073,2063,2106,2106,1746,360,0,0,0.4367,0.01
standard20,aoe,normal,2,200,17,200,1,0,0,0,0,642,955.5,1209,2140,2140,2183,1770,370,0,0,0.4391,0
standard20,aoe,normal,2,200,18,200,1,0,0,0,0.025,616,942.5,1236,2337,2337,2337,1957,380,0,0,0.4736,0.06
standard20,aoe,normal,2,200,19,200,1,0,0,0,0,745,1132,1435,2286,2286,2286,1896,390,0,0,0.4613,0
standard20,aoe,normal,2,200,20,200,1,95,0.475,0.475,1,183,601,916,1211,1211,1211,811,400,0,0,0.6058,50
standard20,aoe,normal,4,200,1,200,1,0,0,0,0,776,926,1226,876,876,876,456,420,0,0,0.1641,0
standard20,aoe,normal,4,200,2,200,1,0,0,0,0,847,1147,1297,971,971,971,531,440,0,0,0.1743,0
standard20,aoe,normal,4,200,3,200,1,0,0,0,0,913,1163,1363,1066,1066,1066,606,460,0,0,0.179,0
standard20,aoe,normal,4,200,4,200,1,0,0,0,0,903,1153,1353,1240,1240,1240,760,480,0,0,0.1989,0
standard20,aoe,normal,4,200,5,200,1,0,0,0,0,1028,1578,1828,1525,1525,1525,1025,500,0,0,0.2527,0
standard20,aoe,normal,4,200,6,200,1,0,0,0,0,942,1202,1402,1574,1574,1574,1054,520,0,0,0.2276,0
standard20,aoe,normal,4,200,7,200,1,0,0,0,0,984,1234,1474,1832,1832,1832,1292,540,0,0,0.2568,0
standard20,aoe,normal,4,200,8,200,1,0,0,0,0,1065,1360,1615,1981,1981,1981,1421,560,0,0,0.2666,0
standard20,aoe,normal,4,200,9,200,1,0,0,0,0,1273,1573,1873,2258,2258,2258,1678,580,0,0,0.2962,0
standard20,aoe,normal,4,200,10,200,1,0,0,0,0.89,1115,1465,1795,1192,1192,1192,592,600,0,0,0.502,44.5
standard20,aoe,normal,4,200,11,200,1,0,0,0,0.09,1225,1595,1925,2680,2680,4845,2060,620,0,0,0.3436,0.37
standard20,aoe,normal,4,200,12,200,1,0,0,0,0,1466,1861,2301,2801,2801,2801,2161,640,0,0,0.349,0
standard20,aoe,normal,4,200,13,200,1,0,0,0,0,1455,1907.5,2300,3129,3129,3129,2469,660,0,0,0.3813,0
standard20,aoe,normal,4,200,14,200,1,0,0,0,0,1486,2114,2509,3364,3364,3364,2684,680,0,0,0.3985,0
standard20,aoe,normal,4,200,15,200,1,0,0,0,0,1638,2156.5,2694,3300,3300,3300,2600,700,0,0,0.378,0
standard20,aoe,normal,4,200,16,200,1,0,0,0,0.135,1644,2264,2804,3705,3785,3865,3065,720,0,0,0.4562,0.36
standard20,aoe,normal,4,200,17,200,1,0,0,0,0,1801,2522,3295,4126,4206,4286,3466,740,0,0,0.4562,0
standard20,aoe,normal,4,200,18,200,1,0,0,0,0.39,1905,2517,3340,4115,4327.5,4370,3567.5,760,0,0,0.4887,1.46
standard20,aoe,normal,4,200,19,200,1,0,0,0,0,2221,3039,3726,4296,4296,4381,3516,780,0,0,0.4751,0
standard20,aoe,normal,4,200,20,200,1,178,0.89,0.89,1,1230,1899.5,2670,2304,2304,2304,1504,800,0,0,0.6189,50
standard20,aoe,hard,1,200,1,200,1,0,0,0,0.24,113,149,299,213,249,249,144,105,0,0,0.2545,0.48
standard20,aoe,hard,1,200,2,200,1,0,0,0,0.115,271,385,421,254,272,272,162,110,0,0,0.3191,0.115
standard20,aoe,hard,1,200,3,200,1,0,0,0,0.01,277,327,391,306,306,306,191,115,0,0,0.2967,0.01
standard20,aoe,hard,1,200,4,200,1,0,0,0,0.085,141,377,423,350,350,350,230,120,0,0,0.3311,0.135
standard20,aoe,hard,1,200,5,200,1,0,0,0,0.385,166,220,312,265,443,443,318,125,0,0,0.3667,3.4
standard20,aoe,hard,1,200,6,200,1,0,0,0,0.815,266,336,370,326,410,450,280,130,0,0,0.3659,3.07
standard20,aoe,hard,1,200,7,200,1,0,0,0,0,216,270,308,534,534,534,399,135,0,0,0.3973,0
standard20,aoe,hard,1,200,8,200,1,0,0,0,0,203,257,303,581,581,581,441,140,0,0,0.4021,0
standard20,aoe,hard,1,200,9,200,1,0,0,0,0,266,320,366,663,663,663,518,145,0,0,0.4478,0
standard20,aoe,hard,1,200,10,200,1,0,0,0,1,300,353,382,334,334,334,184,150,0,0,0.7681,50
standard20,aoe,hard,1,200,11,200,1,0,0,0,1,212,384.5,447,623,644,728,489,155,0,0,0.5407,11.99
standard20,aoe,hard,1,200,12,200,1,0,0,0,0,230,274.5,430,824,824,824,664,160,0,0,0.5292,0
standard20,aoe,hard,1,200,13,200,1,0,0,0,0.015,265,310.5,367,936,936,936,771,165,0,0,0.5736,0.02
standard20,aoe,hard,1,200,14,200,1,0,0,0,0,385,527,577,991,991,991,821,170,0,0,0.6086,0
standard20,aoe,hard,1,200,15,200,1,0,0,0,0.005,269,359,587,982,982,982,807,175,0,0,0.5708,0.05
standard20,aoe,hard,1,200,16,200,1,49,0.245,0.245,1,199,362.5,541,692,793,875,613,180,0,0,0.703,26.63
standard20,aoe,hard,1,200,17,195,0.975,29,0.145,0.1487,0.3897,106,340,546,0,1086,1199,901,185,0,0,0.6968,1.241
standard20,aoe,hard,1,200,18,144,0.72,43,0.215,0.2986,0.5069,71,330,525,28,1263,1376,1099,190,0,0,0.7442,1.7639
standard20,aoe,hard,1,200,19,80,0.4,25,0.125,0.3125,0.3875,52,425,588,630,1275,1275,1080,195,0,0,0.717,3.25
standard20,aoe,hard,1,200,20,54,0.27,54,0.27,1,1,56,240.5,292,186,664,664,464,200,0,0,0.9437,33.9074
standard20,aoe,hard,2,200,1,200,1,0,0,0,0.015,258,558,708,458,458,458,248,210,0,0,0.2568,0.015
standard20,aoe,hard,2,200,2,200,1,0,0,0,0,466,616,766,508,508,508,288,220,0,0,0.2643,0
standard20,aoe,hard,2,200,3,200,1,0,0,0,0,429,579,729,563,563,563,333,230,0,0,0.2637,0
standard20,aoe,hard,2,200,4,200,1,0,0,0,0,429,604,779,650,650,650,410,240,0,0,0.2932,0
standard20,aoe,hard,2,200,5,200,1,0,0,0,0,485,735,935,806,806,806,556,250,0,0,0.3621,0
standard20,aoe,hard,2,200,6,200,1,0,0,0,0.175,469,619,769,809,834,834,574,260,0,0,0.3331,0.2
standard20,aoe,hard,2,200,7,200,1,0,0,0,0,439,639,789,970,970,970,700,270,0,0,0.3738,0
standard20,aoe,hard,2,200,8,200,1,0,0,0,0,489,614,789,1050,1050,1050,770,280,0,0,0.3811,0
standard20,aoe,hard,2,200,9,200,1,0,0,0,0,482,632,822,1193,1193,1193,903,290,0,0,0.419,0
standard20,aoe,hard,2,200,10,200,1,0,0,0,1,496,602,752,620,620,620,320,300,0,0,0.7133,50
standard20,aoe,hard,2,200,11,200,1,0,0,0,1,516,653,816,1077,1114,1188,804,310,0,0,0.5042,15.78
standard20,aoe,hard,2,200,12,200,1,0,0,0,0,522,709,897,1493,1493,1493,1173,320,0,0,0.5052,0
standard20,aoe,hard,2,200,13,200,1,0,0,0,0,494,694,881,1672,1672,1672,1342,330,0,0,0.5478,0
standard20,aoe,hard,2,200,14,200,1,0,0,0,0,579,816,1016,1785,1785,1785,1445,340,0,0,0.5724,0
standard20,aoe,hard,2,200,15,200,1,0,0,0,0.075,627,842,1044,1761,1761,1761,1411,350,0,0,0.5437,0.75
standard20,aoe,hard,2,200,16,200,1,76,0.38,0.38,1,480,790.5,1045,1090,1302,1489,942,360,0,0,0.6785,28.82
standard20,aoe,hard,2,200,17,188,0.94,10,0.05,0.0532,0.1064,270,740.5,1036,0,1746,1943,1376,370,0,0,0.6728,0.3191
standard20,aoe,hard,2,200,18,124,0.62,0,0,0,0.0081,573,886,1206,2435,2632,2780,2252,380,0,0,0.7157,0.0161
standard20,aoe,hard,2,200,19,114,0.57,8,0.04,0.0702,0.2193,667,1052,1399,2022,2286,2286,1896,390,0,0,0.6927,0.7895
standard20,aoe,hard,2,200,20,106,0.53,106,0.53,1,1,156,572.5,913,778,1211,1211,811,400,0,0,0.9068,46.6981
standard20,aoe,hard,4,200,1,200,1,0,0,0,0.005,926,1076,1376,876,876,876,456,420,0,0,0.24,0.005
standard20,aoe,hard,4,200,2,200,1,0,0,0,0,997,1147,1347,971,971,971,531,440,0,0,0.2432,0
standard20,aoe,hard,4,200,3,200,1,0,0,0,0,963,1163,1363,1066,1066,1066,606,460,0,0,0.2511,0
standard20,aoe,hard,4,200,4,200,1,0,0,0,0,953,1203,1353,1240,1240,1240,760,480,0,0,0.2809,0
standard20,aoe,hard,4,200,5,200,1,0,0,0,0,928,1478,1878,1525,1525,1525,1025,500,0,0,0.3493,0
standard20,aoe,hard,4,200,6,200,1,0,0,0,0.015,952,1202,1402,1574,1574,1574,1054,520,0,0,0.3184,0.015
standard20,aoe,hard,4,200,7,200,1,0,0,0,0,1034,1234,1484,1832,1832,1832,1292,540,0,0,0.3594,0
standard20,aoe,hard,4,200,8,200,1,0,0,0,0,1115,1337,1615,1981,1981,1981,1421,560,0,0,0.3717,0
standard20,aoe,hard,4,200,9,200,1,0,0,0,0,1173,1473,1823,2258,2258,2258,1678,580,0,0,0.4124,0
standard20,aoe,hard,4,200,10,200,1,0,0,0,1,1115,1465,1815,1192,1192,1192,592,600,0,0,0.7028,50
standard20,aoe,hard,4,200,11,200,1,0,0,0,1,1335,1645,1926,1921,1990,2197,1370,620,0,0,0.5002,18.14
standard20,aoe,hard,4,200,12,200,1,0,0,0,0.045,1386,1794.5,2258,2801,2801,2801,2161,640,0,0,0.5033,0.135
standard20,aoe,hard,4,200,13,200,1,0,0,0,0,1454,1877.5,2278,3129,3129,3129,2469,660,0,0,0.5474,0
standard20,aoe,hard,4,200,14,200,1,0,0,0,0.07,1530,2027.5,2543,3364,3364,3364,2684,680,0,0,0.5698,0.22
standard20,aoe,hard,4,200,15,200,1,0,0,0,0,1653,2126,2668,3300,3300,3300,2600,700,0,0,0.542,0
standard20,aoe,hard,4,200,16,200,1,116,0.58,0.58,1,1421,2109,2677,1216,2184,3038,1464,720,0,0,0.6783,26.255
standard20,aoe,hard,4,200,17,180,0.9,12,0.06,0.0667,0.1,1041,1857,2623,0,0,3671,0,0,0,0,0.125,0.4889
standard20,aoe,hard,4,200,18,84,0.42,11,0.055,0.131,0.7976,1266,2286.5,2879,781,4734,5131,3997,760,0,0,0.7088,4.8095
standard20,aoe,hard,4,200,19,66,0.33,0,0,0,0.0455,1848,2642.5,3483,2929,4196.5,4381,3416.5,780,0,0,0.6849,0.2121
standard20,aoe,hard,4,200,20,61,0.305,61,0.305,1,1,1219,1956,2649,2086,2304,2866,1504,800,0,0,0.8994,46.8852
standard20,aoe,nightmare,1,200,1,200,1,0,0,0,0.94,131,281,395,177,231,231,126,105,0,0,0.4211,1.995
standard20,aoe,nightmare,1,200,2,200,1,0,0,0,0.645,235,295,403,200,254,272,144,110,0,0,0.4582,1.77
standard20,aoe,nightmare,1,200,3,200,1,0,0,0,0.38,170,301,337,223,306,306,191,115,0,0,0.4543,1.26
standard20,aoe,nightmare,1,200,4,200,1,0,0,0,0.385,150,351,387,248,350,350,230,120,0,0,0.5024,1.83
standard20,aoe,nightmare,1,200,5,200,1,0,0,0,0.97,183,295,383,165,245,285,120,125,0,0,0.6305,11.935
standard20,aoe,nightmare,1,200,6,200,1,0,0,0,1,165,274,378,198,260,314,130,130,0,0,0.6139,11.505
standard20,aoe,nightmare,1,200,7,200,1,0,0,0,0.91,170,260,391,324,387,513,252,135,0,0,0.7223,6.3
standard20,aoe,nightmare,1,200,8,200,1,0,0,0,0.075,178,288.5,440,581,581,581,441,140,0,0,0.7022,0.195
standard20,aoe,nightmare,1,200,9,200,1,0,0,0,0.145,230,345,423,574,663,663,518,145,0,0,0.7563,0.86
standard20,aoe,nightmare,1,200,10,200,1,27,0.135,0.135,1,228,340,410,265,334,334,184,150,0,0,1.2856,50.96
standard20,aoe,nightmare,1,200,11,200,1,142,0.71,0.71,0.865,37,143,287,0,66,440,66,0,0,0,0.875,11.65
standard20,aoe,nightmare,1,200,12,39,0.195,29,0.145,0.7436,0.7949,36,153,296,0,325,470,325,0,0,0,0.8673,4.7692
standard20,aoe,nightmare,1,200,13,2,0.01,2,0.01,1,1,10,150,290,563,566.5,570,566.5,0,0,0,0.9179,6
standard20,aoe,nightmare,2,200,1,200,1,0,0,0,0.69,377,558,708,303,427,458,217,210,0,0,0.3705,1.355
standard20,aoe,nightmare,2,200,2,200,1,0,0,0,0.3,466,585,703,476,508,508,288,220,0,0,0.3753,0.39
standard20,aoe,nightmare,2,200,3,200,1,0,0,0,0,429,548,729,563,563,563,333,230,0,0,0.3766,0
standard20,aoe,nightmare,2,200,4,200,1,0,0,0,0,398,595,798,650,650,650,410,240,0,0,0.4225,0
standard20,aoe,nightmare,2,200,5,200,1,0,0,0,0.78,428,576,904,495,530,806,280,250,0,0,0.5378,7.985
standard20,aoe,nightmare,2,200,6,200,1,0,0,0,0.92,404,564.5,730,479,626,809,366,260,0,0,0.5192,6.835
standard20,aoe,nightmare,2,200,7,200,1,0,0,0,0.3,436,626,819,823,970,970,700,270,0,0,0.5812,1.12
standard20,aoe,nightmare,2,200,8,200,1,0,0,0,0.005,454,604.5,788,1050,1050,1050,770,280,0,0,0.5829,0.01
standard20,aoe,nightmare,2,200,9,200,1,0,0,0,0,470,638.5,841,1193,1193,1193,903,290,0,0,0.6368,0
standard20,aoe,nightmare,2,200,10,200,1,0,0,0,1,456,613.5,745,620,620,620,320,300,0,0,1.0787,50.04
standard20,aoe,nightmare,2,200,11,200,1,58,0.29,0.29,1,234,540,786,119,958,1106,648,310,0,0,0.7636,19.86
standard20,aoe,nightmare,2,200,12,145,0.725,11,0.055,0.0759,0.8069,434,633,794,1023,1322,1493,1002,320,0,0,0.7613,3.731
standard20,aoe,nightmare,2,200,13,131,0.655,34,0.17,0.2595,0.8321,271,626,794,936,1522,1672,1192,330,0,0,0.8265,3.6947
standard20,aoe,nightmare,2,200,14,97,0.485,24,0.12,0.2474,0.9794,332,688,945,608,1621,1703,1281,340,0,0,0.855,5.7629
standard20,aoe,nightmare,2,200,15,74,0.37,48,0.24,0.6486,0.9865,246,593.5,882,536,756,1341,748,0,0,0,0.836,11.8649
standard20,aoe,nightmare,2,200,16,27,0.135,25,0.125,0.9259,0.9259,109,429,610,170,382,620,382,0,0,0,1.0408,6.4074
standard20,aoe,nightmare,4,200,1,200,1,0,0,0,0.115,926,1226,1262,819,876,876,456,420,0,0,0.3573,0.19
standard20,aoe,nightmare,4,200,2,200,1,0,0,0,0.025,997,1197,1447,971,971,971,531,440,0,0,0.3523,0.025
standard20,aoe,nightmare,4,200,3,200,1,0,0,0,0,863,1156,1356,1066,1066,1066,606,460,0,0,0.3584,0
standard20,aoe,nightmare,4,200,4,200,1,0,0,0,0,903,1153,1403,1240,1240,1240,760,480,0,0,0.4006,0
standard20,aoe,nightmare,4,200,5,200,1,0,0,0,0.39,965,1428,1728,1012,1525,1525,1025,500,0,0,0.5084,3.92
standard20,aoe,nightmare,4,200,6,200,1,0,0,0,0.73,952,1173,1402,1034,1390,1574,870,520,0,0,0.4691,3.99
standard20,aoe,nightmare,4,200,7,200,1,0,0,0,0.095,1039,1328.5,1584,1832,1832,1832,1292,540,0,0,0.5324,0.3
standard20,aoe,nightmare,4,200,8,200,1,0,0,0,0.04,1102,1275.5,1567,1981,1981,1981,1421,560,0,0,0.5438,0.12
standard20,aoe,nightmare,4,200,9,200,1,0,0,0,0,1223,1573,1896,2258,2258,2258,1678,580,0,0,0.6081,0
standard20,aoe,nightmare,4,200,10,200,1,0,0,0,1,1168,1455.5,1737,1192,1192,1192,592,600,0,0,1.0248,50
standard20,aoe,nightmare,4,200,11,200,1,19,0.095,0.095,1,1000,1503,1825,1374,1613,1852,993,620,0,0,0.7407,24.45
standard20,aoe,nightmare,4,200,12,181,0.905,30,0.15,0.1657,0.9945,972,1553,1936,1369,2090,2404,1450,640,0,0,0.7609,7.884
standard20,aoe,nightmare,4,200,13,151,0.755,39,0.195,0.2583,0.894,939,1603,2187,1746,2739,3129,2103,660,0,0,0.8315,4.9801
standard20,aoe,nightmare,4,200,14,112,0.56,70,0.35,0.625,0.9911,928,1485,2115,900,1472,2984,1472,0,0,0,0.8947,7.875
standard20,aoe,nightmare,4,200,15,42,0.21,20,0.1,0.4762,0.6905,1110,1931,2336,1564,2479,3300,1822,700,0,0,0.8199,6.9524
standard20,aoe,nightmare,4,200,16,26,0.13,22,0.11,0.8462,0.8462,598,1248.5,1869,0,889.5,1340,889.5,0,0,0,1.0145,8.8077
standard20,upgrade,normal,1,200,1,200,1,0,0,0,0,299,299,299,249,249,249,144,105,0,0,0.2105,0
standard20,upgrade,normal,1,200,2,200,1,0,0,0,0,271,271,271,272,272,272,162,110,0,0,0.2016,0
standard20,upgrade,normal,1,200,3,200,1,0,0,0,0,577,577,577,306,306,306,191,115,0,0,0.2512,0
standard20,upgrade,normal,1,200,4,200,1,0,0,0,0,477,477,477,350,350,350,230,120,0,0,0.2529,0
standard20,upgrade,normal,1,200,5,200,1,0,0,0,0.09,270,520,520,443,443,443,318,125,0,0,0.2986,0.11
standard20,upgrade,normal,1,200,6,200,1,0,0,0,0.08,570,570,720,450,450,450,320,130,0,0,0.2824,0.17
standard20,upgrade,normal,1,200,7,200,1,0,0,0,0,544,544,604,534,534,534,399,135,0,0,0.3052,0
standard20,upgrade,normal,1,200,8,200,1,0,0,0,0.305,249,325,385,505,581,581,441,140,0,0,0.2902,1.84
standard20,upgrade,normal,1,200,9,200,1,0,0,0,0,338,428,488,663,663,663,518,145,0,0,0.3249,0
standard20,upgrade,normal,1,200,10,200,1,0,0,0,0.005,362,422,705,334,334,334,184,150,0,0,0.5529,0.25
standard20,upgrade,normal,1,200,11,200,1,0,0,0,0.125,230,290,540,1415,1478,1478,1323,155,0,0,0.3278,0.49
standard20,upgrade,normal,1,200,12,200,1,0,0,0,0,254,404,464,824,824,824,664,160,0,0,0.3369,0
standard20,upgrade,normal,1,200,13,200,1,0,0,0,0,481,690,750,936,936,936,771,165,0,0,0.3818,0
standard20,upgrade,normal,1,200,14,200,1,0,0,0,0.125,221,281,946,968,991,991,821,170,0,0,0.3807,0.59
standard20,upgrade,normal,1,200,15,200,1,0,0,0,0,280,418,578,982,982,982,807,175,0,0,0.3698,0
standard20,upgrade,normal,1,200,16,200,1,0,0,0,0.18,503,752,808,1075,1175,1175,995,180,0,0,0.4615,0.98
standard20,upgrade,normal,1,200,17,200,1,0,0,0,0,258,317,993,1199,1199,1249,1014,185,0,0,0.4429,0
standard20,upgrade,normal,1,200,18,200,1,0,0,0,0.15,350,596,596,1237,1289,1289,1099,190,0,0,0.4866,1.08
standard20,upgrade,normal,1,200,19,200,1,0,0,0,0,608,771,771,1275,1275,1275,1080,195,0,0,0.4753,0
standard20,upgrade,normal,1,200,20,200,1,1,0.005,0.005,0.34,278,1176.5,1262,664,1591,1591,1391,200,0,0,0.6185,17
standard20,upgrade,normal,2,200,1,200,1,0,0,0,0,558,558,558,458,458,458,248,210,0,0,0.1853,0
standard20,upgrade,normal,2,200,2,200,1,0,0,0,0,466,466,766,508,508,508,288,220,0,0,0.1764,0
standard20,upgrade,normal,2,200,3,200,1,0,0,0,0,579,579,1029,563,563,563,333,230,0,0,0.1878,0
standard20,upgrade,normal,2,200,4,200,1,0,0,0,0,779,779,1229,650,650,650,410,240,0,0,0.2194,0
standard20,upgrade,normal,2,200,5,200,1,0,0,0,0,785,1185,1585,806,806,806,556,250,0,0,0.2903,0
standard20,upgrade,normal,2,200,6,200,1,0,0,0,0,659,969,1119,834,834,834,574,260,0,0,0.2542,0
standard20,upgrade,normal,2,200,7,200,1,0,0,0,0,579,829,1289,970,970,970,700,270,0,0,0.2747,0
standard20,upgrade,normal,2,200,8,200,1,0,0,0,0,729,979,1069,1050,1050,1050,770,280,0,0,0.2867,0
standard20,upgrade,normal,2,200,9,200,1,0,0,0,0,752,962,1212,1193,1193,1193,903,290,0,0,0.3113,0
standard20,upgrade,normal,2,200,10,200,1,0,0,0,0,722,872,1182,620,620,620,320,300,0,0,0.5247,0
standard20,upgrade,normal,2,200,11,200,1,0,0,0,0.005,650,940,1340,2613,2613,2613,2303,310,0,0,0.3214,0.01
standard20,upgrade,normal,2,200,12,200,1,0,0,0,0,643,908,1373,1493,1493,1493,1173,320,0,0,0.325,0
standard20,upgrade,normal,2,200,13,200,1,0,0,0,0,650,995,1365,1672,1672,1672,1342,330,0,0,0.358,0
standard20,upgrade,normal,2,200,14,200,1,0,0,0,0,765,1105,1460,1785,1785,1785,1445,340,0,0,0.3783,0
standard20,upgrade,normal,2,200,15,200,1,0,0,0,0,711,1076,1456,1761,1761,1761,1411,350,0,0,0.361,0
standard20,upgrade,normal,2,200,16,200,1,0,0,0,0,767,1152,1572,2106,2106,2106,1746,360,0,0,0.436,0
standard20,upgrade,normal,2,200,17,200,1,0,0,0,0,762,1154.5,1587,2140,2140,2140,1770,370,0,0,0.4375,0
standard20,upgrade,normal,2,200,18,200,1,0,0,0,0,789,1379,1844,2337,2337,2337,1957,380,0,0,0.4739,0
standard20,upgrade,normal,2,200,19,200,1,0,0,0,0,885,1387.5,2045,2286,2286,2286,1896,390,0,0,0.4576,0
standard20,upgrade,normal,2,200,20,200,1,0,0,0,0.02,1869,2496.5,3069,2834,2834,2834,2434,400,0,0,0.6021,1
standard20,upgrade,normal,4,200,1,200,1,0,0,0,0,1076,1076,1076,876,876,876,456,420,0,0,0.1705,0
standard20,upgrade,normal,4,200,2,200,1,0,0,0,0,1147,1147,1447,971,971,971,531,440,0,0,0.1743,0
standard20,upgrade,normal,4,200,3,200,1,0,0,0,0,1013,1463,1763,1066,1066,1066,606,460,0,0,0.1888,0
standard20,upgrade,normal,4,200,4,200,1,0,0,0,0,1353,1803,1853,1240,1240,1240,760,480,0,0,0.2192,0
standard20,upgrade,normal,4,200,5,200,1,0,0,0,0,1678,2128,2528,1525,1525,1525,1025,500,0,0,0.2711,0
standard20,upgrade,normal,4,200,6,200,1,0,0,0,0,1442,1842,2292,1574,1574,1574,1054,520,0,0,0.243,0
standard20,upgrade,normal,4,200,7,200,1,0,0,0,0,1314,1674,2114,1832,1832,1832,1292,540,0,0,0.2667,0
standard20,upgrade,normal,4,200,8,200,1,0,0,0,0,1375,1835,2205,1981,1981,1981,1421,560,0,0,0.2762,0
standard20,upgrade,normal,4,200,9,200,1,0,0,0,0,1458,1843,2243,2258,2258,2258,1678,580,0,0,0.3014,0
standard20,upgrade,normal,4,200,10,200,1,0,0,0,0,1415,1765,2225,1192,1192,1192,592,600,0,0,0.511,0
standard20,upgrade,normal,4,200,11,200,1,0,0,0,0,1434,1874,2319,4914,4914,4914,4294,620,0,0,0.3134,0
standard20,upgrade,normal,4,200,12,200,1,0,0,0,0,1555,1982.5,2435,2801,2801,2801,2161,640,0,0,0.3196,0
standard20,upgrade,normal,4,200,13,200,1,0,0,0,0,1624,2044,2549,3129,3129,3129,2469,660,0,0,0.3529,0
standard20,upgrade,normal,4,200,14,200,1,0,0,0,0,1633,2165.5,2738,3364,3364,3364,2684,680,0,0,0.3703,0
standard20,upgrade,normal,4,200,15,200,1,0,0,0,0,1648,2213,2693,3300,3300,3300,2600,700,0,0,0.3545,0
standard20,upgrade,normal,4,200,16,200,1,0,0,0,0,1753,2343,2963,3945,3945,3945,3225,720,0,0,0.4288,0
standard20,upgrade,normal,4,200,17,200,1,0,0,0,0,1899,2599,3274,4046,4046,4046,3306,740,0,0,0.4329,0
standard20,upgrade,normal,4,200,18,200,1,0,0,0,0,1789,2691.5,3264,4370,4370,4370,3610,760,0,0,0.4661,0
standard20,upgrade,normal,4,200,19,200,1,0,0,0,0,2185,3020,3875,4296,4296,4296,3516,780,0,0,0.4529,0
standard20,upgrade,normal,4,200,20,200,1,0,0,0,0.105,3009,4885.5,5803,2304,5318,5318,4518,800,0,0,0.5943,5.25
standard20,upgrade,hard,1,200,1,200,1,0,0,0,0,299,299,299,249,249,249,144,105,0,0,0.2947,0
standard20,upgrade,hard,1,200,2,200,1,0,0,0,0,271,271,271,272,272,272,162,110,0,0,0.2808,0
standard20,upgrade,hard,1,200,3,200,1,0,0,0,0.56,520,539,577,249,268,306,153,115,0,0,0.356,1.48
standard20,upgrade,hard,1,200,4,200,1,0,0,0,0.875,331,382,477,248,311,350,191,120,0,0,0.3506,3.055
standard20,upgrade,hard,1,200,5,200,1,0,0,0,0.995,343,576,710,225,265,285,140,125,0,0,0.5176,11.08
standard20,upgrade,hard,1,200,6,200,1,0,0,0,0.6,151,386.5,518,360,436,450,306,130,0,0,0.3952,1.765
standard20,upgrade,hard,1,200,7,200,1,0,0,0,0,186,379,685,534,534,534,399,135,0,0,0.4327,0
standard20,upgrade,hard,1,200,8,200,1,0,0,0,0.665,175,538,648,448,562,581,422,140,0,0,0.4612,3.825
standard20,upgrade,hard,1,200,9,200,1,0,0,0,0,200,497,719,663,663,663,518,145,0,0,0.4903,0
standard20,upgrade,hard,1,200,10,200,1,0,0,0,1,271,443.5,604,334,334,334,184,150,0,0,0.8342,50
standard20,upgrade,hard,1,200,11,200,1,0,0,0,0.875,315,461.5,599,602,686,791,531,155,0,0,0.5659,9.1
standard20,upgrade,hard,1,200,12,200,1,1,0.005,0.005,0.07,378,559,703,824,824,824,664,160,0,0,0.5768,0.28
standard20,upgrade,hard,1,200,13,199,0.995,8,0.04,0.0402,0.3467,222,414,699,814,936,936,771,165,0,0,0.5934,1.2362
standard20,upgrade,hard,1,200,14,191,0.955,61,0.305,0.3194,0.8848,132,495,670,568,876,991,706,170,0,0,0.6299,7.3927
standard20,upgrade,hard,1,200,15,130,0.65,0,0,0,0,297,756,953,982,982,982,807,175,0,0,0.6121,0
standard20,upgrade,hard,1,200,16,130,0.65,33,0.165,0.2538,0.6846,239,463,673,720,1100,1150,920,180,0,0,0.6966,5.0769
standard20,upgrade,hard,1,200,17,108,0.54,0,0,0,0,292,810.5,955,25,1224,1249,1039,185,0,0,0.7148,0
standard20,upgrade,hard,1,200,18,97,0.485,45,0.225,0.4639,0.9691,232,476,809,739,1033,1157,857,190,0,0,0.7364,10.6907
standard20,upgrade,hard,1,200,19,64,0.32,0,0,0,0,206,622.5,934,20,1308,1347,1113,195,0,0,0.7172,0
standard20,upgrade,hard,1,200,20,52,0.26,52,0.26,1,1,40,213.5,323,664,664,664,464,200,0,0,0.9314,50
standard20,upgrade,hard,2,200,1,200,1,0,0,0,0,558,558,558,458,458,458,248,210,0,0,0.2568,0
standard20,upgrade,hard,2,200,2,200,1,0,0,0,0,466,766,766,508,508,508,288,220,0,0,0.2823,0
standard20,upgrade,hard,2,200,3,200,1,0,0,0,0,579,579,1029,563,563,563,333,230,0,0,0.2637,0
standard20,upgrade,hard,2,200,4,200,1,0,0,0,0.14,745,779,1229,616,650,650,410,240,0,0,0.3082,0.265
standard20,upgrade,hard,2,200,5,200,1,0,0,0,0.365,785,935,1309,530,806,806,556,250,0,0,0.405,3.65
standard20,upgrade,hard,2,200,6,200,1,0,0,0,0,659,969,1219,834,834,834,574,260,0,0,0.3605,0
standard20,upgrade,hard,2,200,7,200,1,0,0,0,0,579,953,1229,970,970,970,700,270,0,0,0.4069,0
standard20,upgrade,hard,2,200,8,200,1,0,0,0,0.16,669,953,1129,1016,1050,1050,770,280,0,0,0.4053,0.52
standard20,upgrade,hard,2,200,9,200,1,0,0,0,0,662,937.5,1246,1193,1193,1193,903,290,0,0,0.4362,0
standard20,upgrade,hard,2,200,10,200,1,0,0,0,0.81,596,846,1122,620,620,620,320,300,0,0,0.7403,40.5
standard20,upgrade,hard,2,200,11,200,1,0,0,0,0.57,646,945,1250,1188,1373,2613,1063,310,0,0,0.5079,3.83
standard20,upgrade,hard,2,200,12,200,1,0,0,0,0,684,986,1291,1493,1493,1493,1173,320,0,0,0.5083,0
standard20,upgrade,hard,2,200,13,200,1,0,0,0,0.005,624,995.5,1276,1672,1672,1672,1342,330,0,0,0.5542,0.005
standard20,upgrade,hard,2,200,14,200,1,0,0,0,0.35,692,998.5,1321,1662,1785,1785,1445,340,0,0,0.5736,1.6
standard20,upgrade,hard,2,200,15,200,1,0,0,0,0,727,1099.5,1480,1761,1761,1761,1411,350,0,0,0.5457,0
standard20,upgrade,hard,2,200,16,200,1,0,0,0,0.22,697,1120.5,1507,1934,2106,2106,1746,360,0,0,0.6554,1.3
standard20,upgrade,hard,2,200,17,200,1,0,0,0,0,709,1190.5,1659,2140,2140,2226,1770,370,0,0,0.6514,0
standard20,upgrade,hard,2,200,18,200,1,2,0.01,0.01,0.55,774,1170.5,1584,2025,2199,2337,1819,380,0,0,0.6998,3.815
standard20,upgrade,hard,2,200,19,198,0.99,0,0,0,0,922,1447,1940,2286,2332,2424,1942,390,0,0,0.6784,0
standard20,upgrade,hard,2,200,20,198,0.99,155,0.775,0.7828,0.8939,367,958,2250,1211,1211,2834,811,400,0,0,0.8878,44.697
standard20,upgrade,hard,4,200,1,200,1,0,0,0,0,1076,1076,1076,876,876,876,456,420,0,0,0.24,0
standard20,upgrade,hard,4,200,2,200,1,0,0,0,0,1147,1147,1447,971,971,971,531,440,0,0,0.2432,0
standard20,upgrade,hard,4,200,3,200,1,0,0,0,0,1013,1463,1763,1066,1066,1066,606,460,0,0,0.265,0
standard20,upgrade,hard,4,200,4,200,1,0,0,0,0,1353,1803,1853,1240,1240,1240,760,480,0,0,0.3074,0
standard20,upgrade,hard,4,200,5,200,1,0,0,0,0,1828,2196.5,2528,1525,1525,1525,1025,500,0,0,0.3844,0
standard20,upgrade,hard,4,200,6,200,1,0,0,0,0,1492,1892,2302,1574,1574,1574,1054,520,0,0,0.3419,0
standard20,upgrade,hard,4,200,7,200,1,0,0,0,0,1374,1774,2174,1832,1832,1832,1292,540,0,0,0.3766,0
standard20,upgrade,hard,4,200,8,200,1,0,0,0,0,1375,1835,2145,1981,1981,1981,1421,560,0,0,0.3852,0
standard20,upgrade,hard,4,200,9,200,1,0,0,0,0,1533,1843,2333,2258,2258,2258,1678,580,0,0,0.4222,0
standard20,upgrade,hard,4,200,10,200,1,0,0,0,0.93,1365,1765,2225,1192,1192,1192,592,600,0,0,0.7153,46.5
standard20,upgrade,hard,4,200,11,200,1,0,0,0,0.16,1415,1925,2250,2611,2680,2680,2060,620,0,0,0.4906,0.71
standard20,upgrade,hard,4,200,12,200,1,0,0,0,0,1556,2026,2441,2801,2801,2801,2161,640,0,0,0.4936,0
standard20,upgrade,hard,4,200,13,200,1,0,0,0,0,1525,1969,2435,3129,3129,3129,2469,660,0,0,0.5346,0
standard20,upgrade,hard,4,200,14,200,1,0,0,0,0.035,1490,2118.5,2564,3364,3364,3364,2684,680,0,0,0.5577,0.09
standard20,upgrade,hard,4,200,15,200,1,0,0,0,0,1674,2156.5,2684,3300,3300,3300,2600,700,0,0,0.5309,0
standard20,upgrade,hard,4,200,16,200,1,0,0,0,0,1774,2294,2884,3945,3945,3945,3225,720,0,0,0.6377,0
standard20,upgrade,hard,4,200,17,200,1,0,0,0,0,1970,2557.5,3216,4046,4046,4046,3306,740,0,0,0.6394,0
standard20,upgrade,hard,4,200,18,200,1,0,0,0,0.18,1738,2522.5,3165,3945,4115,4370,3355,760,0,0,0.6865,0.71
standard20,upgrade,hard,4,200,19,200,1,0,0,0,0,2281,3000.5,3791,4296,4466,4636,3686,780,0,0,0.664,0
standard20,upgrade,hard,4,200,20,200,1,186,0.93,0.93,0.995,1125,1913,2670,2304,2304,2304,1504,800,0,0,0.868,49.75
standard20,upgrade,nightmare,1,200,1,200,1,0,0,0,0.305,281,299,299,231,249,249,144,105,0,0,0.4211,0.305
standard20,upgrade,nightmare,1,200,2,200,1,0,0,0,0.12,235,271,271,254,272,272,162,110,0,0,0.4032,0.12
standard20,upgrade,nightmare,1,200,3,200,1,0,0,0,0.87,445,501,577,192,230,306,115,115,0,0,0.5088,3.84
standard20,upgrade,nightmare,1,200,4,200,1,0,0,0,0.97,166,273,451,178,222,324,102,120,0,0,0.5024,6.66
standard20,upgrade,nightmare,1,200,5,200,1,0,0,0,1,331,436,676,125,185,245,60,125,0,0,0.7418,14.565
standard20,upgrade,nightmare,1,200,6,200,1,0,0,0,0.915,174,563,722,212,280,368,150,130,0,0,0.8306,9.9
standard20,upgrade,nightmare,1,200,7,200,1,0,0,0,0.41,317,510,674,324,534,534,399,135,0,0,0.7991,3.28
standard20,upgrade,nightmare,1,200,8,200,1,0,0,0,0.81,201,389,621,360,478.5,581,338.5,140,0,0,0.7133,8.155
standard20,upgrade,nightmare,1,200,9,200,1,0,0,0,0.39,242,483.5,704,485,663,663,518,145,0,0,0.7747,2.085
standard20,upgrade,nightmare,1,200,10,200,1,103,0.515,0.515,1,322,428.5,678,334,334,334,184,150,0,0,1.4208,50
standard20,upgrade,nightmare,1,200,11,200,1,45,0.225,0.225,0.48,59,342.5,540,0,31.5,695,31.5,0,0,0,0.6617,4.25
standard20,upgrade,nightmare,1,200,12,53,0.265,5,0.025,0.0943,0.6415,256,460,626,557,751,824,591,160,0,0,0.8339,3.7547
standard20,upgrade,nightmare,1,200,13,48,0.24,12,0.06,0.25,0.9792,247,501,716,405,735,857,570,165,0,0,0.9202,8.6042
standard20,upgrade,nightmare,1,200,14,35,0.175,27,0.135,0.7714,1,252,439,571,435,507,899,507,0,0,0,0.9819,8.5714
standard20,upgrade,nightmare,1,200,15,8,0.04,0,0,0,0,449,536,854,982,982,982,807,175,0,0,0.8753,0
standard20,upgrade,nightmare,1,200,16,8,0.04,6,0.03,0.75,1,343,630,952,688,829,1075,788,0,0,0,1.0813,7.125
standard20,upgrade,nightmare,1,200,17,2,0.01,0,0,0,0.5,471,524.5,578,973,1084.5,1196,899.5,185,0,0,1.0237,1.5
standard20,upgrade,nightmare,1,200,18,2,0.01,2,0.01,1,1,248,331,414,621,621.5,622,621.5,0,0,0,1.1292,5
standard20,upgrade,nightmare,2,200,1,200,1,0,0,0,0,558,558,558,458,458,458,248,210,0,0,0.3705,0
standard20,upgrade,nightmare,2,200,2,200,1,0,0,0,0,466,466,766,508,508,508,288,220,0,0,0.3528,0
standard20,upgrade,nightmare,2,200,3,200,1,0,0,0,0.275,546,579,1029,497,563,563,333,230,0,0,0.3766,0.44
standard20,upgrade,nightmare,2,200,4,200,1,0,0,0,0.705,608,745.5,1070,446,582,650,342,240,0,0,0.4412,2.74
standard20,upgrade,nightmare,2,200,5,200,1,0,0,0,1,486,909,1274,425,530,530,280,250,0,0,0.6183,10.545
standard20,upgrade,nightmare,2,200,6,200,1,0,0,0,0.37,655,953,1275,759,834,834,574,260,0,0,0.5542,0.75
standard20,upgrade,nightmare,2,200,7,200,1,0,0,0,0,752,932.5,1228,970,970,970,700,270,0,0,0.607,0
standard20,upgrade,nightmare,2,200,8,200,1,0,0,0,0.655,571,940.5,1248,914,982,1050,702,280,0,0,0.6125,3.535
standard20,upgrade,nightmare,2,200,9,200,1,0,0,0,0,601,1001.5,1242,1193,1193,1193,903,290,0,0,0.6646,0
standard20,upgrade,nightmare,2,200,10,200,1,0,0,0,1,596,923.5,1133,620,620,620,320,300,0,0,1.122,50
standard20,upgrade,nightmare,2,200,11,200,1,0,0,0,0.92,704,945.5,1251,1040,1225,1373,915,310,0,0,0.7684,10.12
standard20,upgrade,nightmare,2,200,12,200,1,6,0.03,0.03,0.24,653,942,1219,1237,1493,1493,1173,320,0,0,0.7662,1.205
standard20,upgrade,nightmare,2,200,13,199,0.995,10,0.05,0.0503,0.4724,630,907,1277,1323,1672,1672,1342,330,0,0,0.8265,2.2412
standard20,upgrade,nightmare,2,200,14,184,0.92,45,0.225,0.2446,0.9728,493,896.5,1252,1019,1498,1703,1199,340,0,0,0.8655,10.2174
standard20,upgrade,nightmare,2,200,15,139,0.695,0,0,0,0,771,1053,1390,1761,1761,1761,1411,350,0,0,0.818,0
standard20,upgrade,nightmare,2,200,16,139,0.695,58,0.29,0.4173,0.7266,515,918,1391,1086,1891,2106,1531,360,0,0,0.9784,5.2086
standard20,upgrade,nightmare,2,200,17,96,0.48,0,0,0,0,697,1113,1593,0,2140,2183,1770,370,0,0,0.9665,0
standard20,upgrade,nightmare,2,200,18,81,0.405,55,0.275,0.679,1,515,1002,1386,1127,1409,1907,1347,0,0,0,1.0592,12.2222
standard20,upgrade,nightmare,2,200,19,35,0.175,4,0.02,0.1143,0.2,626,1124,1683,0,1744,2322,1354,390,0,0,1.0065,1.8857
standard20,upgrade,nightmare,2,200,20,26,0.13,22,0.11,0.8462,0.8462,394,650,1416,212,1527,1947,1127,400,0,0,1.3035,42.3077
standard20,upgrade,nightmare,4,200,1,200,1,0,0,0,0,1076,1076,1076,876,876,876,456,420,0,0,0.3432,0
standard20,upgrade,nightmare,4,200,2,200,1,0,0,0,0,1147,1147,1447,971,971,971,531,440,0,0,0.3485,0
standard20,upgrade,nightmare,4,200,3,200,1,0,0,0,0,1013,1463,1913,1066,1066,1066,606,460,0,0,0.3782,0
standard20,upgrade,nightmare,4,200,4,200,1,0,0,0,0.02,1353,1803,1803,1240,1240,1240,760,480,0,0,0.4384,0.03
standard20,upgrade,nightmare,4,200,5,200,1,0,0,0,0.83,1565,1765,2165,1012,1012,1012,512,500,0,0,0.5531,8.3
standard20,upgrade,nightmare,4,200,6,200,1,0,0,0,0,1439,1779,2239,1574,1574,2087,1054,520,0,0,0.5054,0
standard20,upgrade,nightmare,4,200,7,200,1,0,0,0,0,1511,1911,2311,1832,1832,1832,1292,540,0,0,0.5668,0
standard20,upgrade,nightmare,4,200,8,200,1,0,0,0,0.04,1422,1845,2222,1981,1981,1981,1421,560,0,0,0.5711,0.14
standard20,upgrade,nightmare,4,200,9,200,1,0,0,0,0,1533,1890,2380,2258,2258,2258,1678,580,0,0,0.6227,0
standard20,upgrade,nightmare,4,200,10,200,1,0,0,0,1,1372,1746,2149,1192,1192,1192,592,600,0,0,1.0513,50
standard20,upgrade,nightmare,4,200,11,200,1,0,0,0,0.64,1518,1928,2322,2197,2611,2680,1991,620,0,0,0.7258,4.72
standard20,upgrade,nightmare,4,200,12,200,1,0,0,0,0.005,1581,2007,2433,2564,2801,2801,2161,640,0,0,0.7263,0.03
standard20,upgrade,nightmare,4,200,13,200,1,0,0,0,0,1512,2003,2409,3129,3129,3129,2469,660,0,0,0.7841,0
standard20,upgrade,nightmare,4,200,14,200,1,0,0,0,0.915,1483,1931.5,2467,2832,3136,3288,2456,680,0,0,0.8176,7.44
standard20,upgrade,nightmare,4,200,15,200,1,0,0,0,0,1652,2177,2791,3300,3300,3300,2600,700,0,0,0.7801,0
standard20,upgrade,nightmare,4,200,16,200,1,10,0.05,0.05,0.395,1580,2244.5,2814,3198,3705,3945,2985,720,0,0,0.9402,3.38
standard20,upgrade,nightmare,4,200,17,196,0.98,0,0,0,0,1694,2297.5,2928,3301,3771,4126,3031,740,0,0,0.9415,0
standard20,upgrade,nightmare,4,200,18,190,0.95,56,0.28,0.2947,1,1512,2413,3086,2914,3691.5,4147,2979,760,0,0,1.0213,16.5737
standard20,upgrade,nightmare,4,200,19,158,0.79,28,0.14,0.1772,0.4684,1523,2445.5,3218,66,2674,3194,1894,780,0,0,1.0035,4.7152
standard20,upgrade,nightmare,4,200,20,134,0.67,106,0.53,0.791,0.791,1076,1929.5,2729,586,3476,4256,2676,800,0,0,1.2896,39.5522
standard20,wide,normal,1,200,1,200,1,0,0,0,1,177,195,195,177,195,195,90,105,0,0,0.2,3.305
standard20,wide,normal,1,200,2,200,1,0,0,0,1,113,359,395,182,200,236,90,110,0,0,0.252,3.845
standard20,wide,normal,1,200,3,200,1,0,0,0,1,301,343,392,223,248,280,133,115,0,0,0.2415,3.37
standard20,wide,normal,1,200,4,200,1,0,0,0,0.96,280,355,412,279,318,337,198,120,0,0,0.2688,2.855
standard20,wide,normal,1,200,5,200,1,0,0,0,0,159,198,298,443,443,443,318,125,0,0,0.285,0
standard20,wide,normal,1,200,6,200,1,0,0,0,0.17,294,346.5,392,436,450,450,320,130,0,0,0.2824,0.215
standard20,wide,normal,1,200,7,200,1,0,0,0,0,239,281,326,534,534,534,399,135,0,0,0.3013,0
standard20,wide,normal,1,200,8,200,1,0,0,0,0,220,262,307,581,581,581,441,140,0,0,0.3027,0
standard20,wide,normal,1,200,9,200,1,0,0,0,0,283,325,370,663,663,663,518,145,0,0,0.334,0
standard20,wide,normal,1,200,10,200,1,0,0,0,0,291,449.5,1065,1021,1021,1021,871,150,0,0,0.5013,0
standard20,wide,normal,1,200,11,200,1,0,0,0,0,200,248.5,444,791,791,791,636,155,0,0,0.3368,0
standard20,wide,normal,1,200,12,200,1,0,0,0,0,198,420,470,824,824,824,664,160,0,0,0.3482,0
standard20,wide,normal,1,200,13,200,1,0,0,0,0.025,272,375,508,936,936,936,771,165,0,0,0.3759,0.125
standard20,wide,normal,1,200,14,200,1,0,0,0,0,276,374,575,991,991,991,821,170,0,0,0.3928,0
standard20,wide,normal,1,200,15,200,1,0,0,0,0,325,496,565,982,982,982,807,175,0,0,0.3823,0
standard20,wide,normal,1,200,16,200,1,0,0,0,0,316,477,554,1175,1175,1175,995,180,0,0,0.4577,0
standard20,wide,normal,1,200,17,200,1,0,0,0,0,331,481,556,1199,1199,1199,1014,185,0,0,0.4576,0
standard20,wide,normal,1,200,18,200,1,0,0,0,0.31,233,461,590,1237,1289,1289,1099,190,0,0,0.4888,0.98
standard20,wide,normal,1,200,19,200,1,0,0,0,0,353,427,704,1275,1275,1275,1080,195,0,0,0.4707,0
standard20,wide,normal,1,200,20,200,1,0,0,0,0.18,422,1349.5,1644,664,1591,1591,1391,200,0,0,0.631,9
standard20,wide,normal,2,200,1,200,1,0,0,0,0,458,458,458,458,458,458,248,210,0,0,0.176,0
standard20,wide,normal,2,200,2,200,1,0,0,0,0,366,666,666,508,508,508,288,220,0,0,0.1917,0
standard20,wide,normal,2,200,3,200,1,0,0,0,0.15,329,629,629,540,563,563,333,230,0,0,0.191,0.19
standard20,wide,normal,2,200,4,200,1,0,0,0,0.065,379,579,679,650,650,650,410,240,0,0,0.2072,0.075
standard20,wide,normal,2,200,5,200,1,0,0,0,0,462,585,785,806,806,806,556,250,0,0,0.2507,0
standard20,wide,normal,2,200,6,200,1,0,0,0,0,419,619,819,834,834,834,574,260,0,0,0.2371,0
standard20,wide,normal,2,200,7,200,1,0,0,0,0,389,589,789,970,970,970,700,270,0,0,0.264,0
standard20,wide,normal,2,200,8,200,1,0,0,0,0,439,639,839,1050,1050,1050,770,280,0,0,0.2732,0
standard20,wide,normal,2,200,9,200,1,0,0,0,0,432,632,832,1193,1193,1193,903,290,0,0,0.299,0
standard20,wide,normal,2,200,10,200,1,0,0,0,0,505,650,1732,1823,1823,1823,1523,300,0,0,0.4517,0
standard20,wide,normal,2,200,11,200,1,0,0,0,0,465,665,815,1410,1410,1410,1100,310,0,0,0.3138,0
standard20,wide,normal,2,200,12,200,1,0,0,0,0,462,708,875,1493,1493,1493,1173,320,0,0,0.32,0
standard20,wide,normal,2,200,13,200,1,0,0,0,0,530,730,930,1672,1672,1672,1342,330,0,0,0.3516,0
standard20,wide,normal,2,200,14,200,1,0,0,0,0,565,815,1065,1785,1785,1785,1445,340,0,0,0.3716,0
standard20,wide,normal,2,200,15,200,1,0,0,0,0,593,876,1076,1761,1761,1761,1411,350,0,0,0.357,0
standard20,wide,normal,2,200,16,200,1,0,0,0,0,572,857.5,1122,2106,2106,2106,1746,360,0,0,0.4298,0
standard20,wide,normal,2,200,17,200,1,0,0,0,0,662,905.5,1167,2140,2140,2140,1770,370,0,0,0.4327,0
standard20,wide,normal,2,200,18,200,1,0,0,0,0,646,991.5,1319,2337,2337,2337,1957,380,0,0,0.4665,0
standard20,wide,normal,2,200,19,200,1,0,0,0,0,790,1155,1497,2286,2286,2286,1896,390,0,0,0.4536,0
standard20,wide,normal,2,200,20,200,1,0,0,0,0.415,391,1876.5,2494,1211,2834,2834,2434,400,0,0,0.5963,20.75
standard20,wide,normal,4,200,1,200,1,0,0,0,0,876,876,876,876,876,876,456,420,0,0,0.162,0
standard20,wide,normal,4,200,2,200,1,0,0,0,0,947,1247,1247,971,971,971,531,440,0,0,0.178,0
standard20,wide,normal,4,200,3,200,1,0,0,0,0,1013,1113,1413,1066,1066,1066,606,460,0,0,0.1774,0
standard20,wide,normal,4,200,4,200,1,0,0,0,0,853,1153,1353,1240,1240,1240,760,480,0,0,0.1989,0
standard20,wide,normal,4,200,5,200,1,0,0,0,0,978,1178,1378,1525,1525,1525,1025,500,0,0,0.2408,0
standard20,wide,normal,4,200,6,200,1,0,0,0,0,952,1152,1352,1574,1574,1574,1054,520,0,0,0.2264,0
standard20,wide,normal,4,200,7,200,1,0,0,0,0,984,1184,1484,1832,1832,1832,1292,540,0,0,0.2557,0
standard20,wide,normal,4,200,8,200,1,0,0,0,0,1065,1265,1565,1981,1981,1981,1421,560,0,0,0.2648,0
standard20,wide,normal,4,200,9,200,1,0,0,0,0,1123,1473,1823,2258,2258,2258,1678,580,0,0,0.2943,0
standard20,wide,normal,4,200,10,200,1,0,0,0,0,1204,1519,1879,3426,3426,3426,2826,600,0,0,0.4451,0
standard20,wide,normal,4,200,11,200,1,0,0,0,0,1359,1669,2094,2680,2680,2680,2060,620,0,0,0.3105,0
standard20,wide,normal,4,200,12,200,1,0,0,0,0,1475,1885,2305,2801,2801,2801,2161,640,0,0,0.3183,0
standard20,wide,normal,4,200,13,200,1,0,0,0,0,1584,2089,2539,3129,3129,3129,2469,660,0,0,0.3535,0
standard20,wide,normal,4,200,14,200,1,0,0,0,0,1713,2290.5,2753,3364,3364,3364,2684,680,0,0,0.3717,0
standard20,wide,normal,4,200,15,200,1,0,0,0,0,1713,2370.5,2933,3300,3300,3300,2600,700,0,0,0.3557,0
standard20,wide,normal,4,200,16,200,1,0,0,0,0,1803,2625.5,3223,3865,3945,3945,3225,720,0,0,0.4322,0
standard20,wide,normal,4,200,17,200,1,0,0,0,0,1984,2754,3474,4046,4046,4126,3306,740,0,0,0.4345,0
standard20,wide,normal,4,200,18,200,1,0,0,0,0.01,2049,2789,3694,4370,4370,4370,3610,760,0,0,0.467,0.02
standard20,wide,normal,4,200,19,200,1,0,0,0,0,2260,3047.5,3715,4296,4296,4296,3516,780,0,0,0.4532,0
standard20,wide,normal,4,200,20,200,1,0,0,0,0.015,3028,5728,6723,5318,5318,5318,4518,800,0,0,0.6025,0.015
standard20,wide,hard,1,200,1,200,1,0,0,0,1,177,177,195,177,177,195,72,105,0,0,0.28,3.67
standard20,wide,hard,1,200,2,200,1,0,0,0,1,359,359,395,182,182,200,72,110,0,0,0.351,4.67
standard20,wide,hard,1,200,3,200,1,0,0,0,1,263,301,375,204,242,280,127,115,0,0,0.3423,4.3
standard20,wide,hard,1,200,4,200,1,0,0,0,1,191,287,386,228,286,311,166,120,0,0,0.3725,4.945
standard20,wide,hard,1,200,5,200,1,0,0,0,0.565,155,287,402,383,423,443,298,125,0,0,0.44,1.39
standard20,wide,hard,1,200,6,200,1,0,0,0,1,164,241,348,230,264,306,134,130,0,0,0.4296,11.505
standard20,wide,hard,1,200,7,200,1,0,0,0,0.255,184,273,449,450,534,534,399,135,0,0,0.4682,0.925
standard20,wide,hard,1,200,8,200,1,0,0,0,0.01,198,310,423,581,581,581,441,140,0,0,0.4612,0.02
standard20,wide,hard,1,200,9,200,1,0,0,0,0,261,371,422,663,663,663,518,145,0,0,0.5038,0
standard20,wide,hard,1,200,10,200,1,0,0,0,0.27,276,350,433,265,334,1021,184,150,0,0,0.838,0.555
standard20,wide,hard,1,200,11,200,1,0,0,0,0.915,208,341.5,446,686,1331,1457,1176,155,0,0,0.5168,9.97
standard20,wide,hard,1,200,12,200,1,0,0,0,0,227,296,471,824,824,824,664,160,0,0,0.509,0
standard20,wide,hard,1,200,13,200,1,0,0,0,0.14,242,324,405,918,936,936,771,165,0,0,0.5507,0.295
standard20,wide,hard,1,200,14,200,1,0,0,0,0,257,403,479,991,991,991,821,170,0,0,0.5762,0
standard20,wide,hard,1,200,15,200,1,0,0,0,0,242,382.5,538,982,982,982,807,175,0,0,0.5555,0
standard20,wide,hard,1,200,16,200,1,0,0,0,1,225,412,541,799,925,1000,745,180,0,0,0.6682,19.89
standard20,wide,hard,1,200,17,200,1,3,0.015,0.015,0.475,257,438,562,1058,1114,1224,929,185,0,0,0.6784,1.53
standard20,wide,hard,1,200,18,199,0.995,2,0.01,0.0101,0.5176,234,440,578,1239,1289,1319,1099,190,0,0,0.7163,1.7487
standard20,wide,hard,1,200,19,195,0.975,0,0,0,0,318,559,726,1275,1275,1275,1080,195,0,0,0.6894,0
standard20,wide,hard,1,200,20,195,0.975,161,0.805,0.8256,1,36,373,607,386,417,664,217,200,0,0,0.9225,54.159
standard20,wide,hard,2,200,1,200,1,0,0,0,0.235,427,458,458,427,458,458,248,210,0,0,0.244,0.235
standard20,wide,hard,2,200,2,200,1,0,0,0,0.525,366,571,666,444,476,508,256,220,0,0,0.27,0.76
standard20,wide,hard,2,200,3,200,1,0,0,0,0.185,329,597,629,540,563,563,333,230,0,0,0.2683,0.23
standard20,wide,hard,2,200,4,200,1,0,0,0,0.595,356,579,656,604,627,650,387,240,0,0,0.2994,0.95
standard20,wide,hard,2,200,5,200,1,0,0,0,0.005,453,621,767,806,806,806,556,250,0,0,0.3579,0.005
standard20,wide,hard,2,200,6,200,1,0,0,0,1,390,571,746,659,709,759,449,260,0,0,0.3396,4.86
standard20,wide,hard,2,200,7,200,1,0,0,0,0,414,613,772,970,970,970,700,270,0,0,0.3832,0
standard20,wide,hard,2,200,8,200,1,0,0,0,0,464,603.5,782,1050,1050,1050,770,280,0,0,0.392,0
standard20,wide,hard,2,200,9,200,1,0,0,0,0,432,602,809,1193,1193,1193,903,290,0,0,0.4293,0
standard20,wide,hard,2,200,10,200,1,0,0,0,0.065,550,1755,1907,620,1823,1823,1523,300,0,0,0.7253,0.075
standard20,wide,hard,2,200,11,200,1,0,0,0,0.98,493,663,835,1188,1262,2465,952,310,0,0,0.4526,8.68
standard20,wide,hard,2,200,12,200,1,0,0,0,0,510,670,848,1493,1493,1493,1173,320,0,0,0.4576,0
standard20,wide,hard,2,200,13,200,1,0,0,0,0,483,710,916,1672,1672,1672,1342,330,0,0,0.5041,0
standard20,wide,hard,2,200,14,200,1,0,0,0,0.005,595,814,1024,1785,1785,1785,1445,340,0,0,0.5298,0.01
standard20,wide,hard,2,200,15,200,1,0,0,0,0,591,861.5,1068,1761,1761,1761,1411,350,0,0,0.5077,0
standard20,wide,hard,2,200,16,200,1,0,0,0,1,583,809.5,1049,1565,1676,1805,1316,360,0,0,0.6255,18.215
standard20,wide,hard,2,200,17,200,1,0,0,0,0.065,668,902.5,1184,2035,2140,2183,1770,370,0,0,0.6264,0.195
standard20,wide,hard,2,200,18,200,1,0,0,0,0.01,646,996,1279,2337,2337,2386,1957,380,0,0,0.6728,0.02
standard20,wide,hard,2,200,19,200,1,0,0,0,0.005,805,1141.5,1493,2286,2286,2286,1896,390,0,0,0.654,0.015
standard20,wide,hard,2,200,20,200,1,68,0.34,0.34,1,317,641.5,1019,616,724,1211,324,400,0,0,0.8737,59.5
standard20,wide,hard,4,200,1,200,1,0,0,0,0,876,876,876,876,876,876,456,420,0,0,0.228,0
standard20,wide,hard,4,200,2,200,1,0,0,0,0,947,1247,1247,971,971,971,531,440,0,0,0.2485,0
standard20,wide,hard,4,200,3,200,1,0,0,0,0,813,1113,1413,1066,1066,1066,606,460,0,0,0.249,0
standard20,wide,hard,4,200,4,200,1,0,0,0,0.245,853,1153,1353,1196,1240,1240,760,480,0,0,0.2789,0.295
standard20,wide,hard,4,200,5,200,1,0,0,0,0,934,1078,1334,1525,1525,1525,1025,500,0,0,0.333,0
standard20,wide,hard,4,200,6,200,1,0,0,0,0.56,960,1115,1360,1482,1528,1574,1008,520,0,0,0.3168,0.94
standard20,wide,hard,4,200,7,200,1,0,0,0,0,990,1243,1484,1832,1832,1832,1292,540,0,0,0.3609,0
standard20,wide,hard,4,200,8,200,1,0,0,0,0,1065,1315,1565,1981,1981,1981,1421,560,0,0,0.372,0
standard20,wide,hard,4,200,9,200,1,0,0,0,0,1127,1429,1773,2258,2258,2258,1678,580,0,0,0.4124,0
standard20,wide,hard,4,200,10,200,1,0,0,0,0,3199,3659,4003,3426,3426,3426,2826,600,0,0,0.7044,0
standard20,wide,hard,4,200,11,200,1,0,0,0,0.98,1240,1672,2083,2266,2404,2542,1784,620,0,0,0.442,7.94
standard20,wide,hard,4,200,12,200,1,0,0,0,0,1375,1776,2171,2801,2801,2801,2161,640,0,0,0.4487,0
standard20,wide,hard,4,200,13,200,1,0,0,0,0.005,1502,1950,2467,3129,3129,3129,2469,660,0,0,0.4965,0.005
standard20,wide,hard,4,200,14,200,1,0,0,0,0.315,1655,2201.5,2707,3288,3364,3364,2684,680,0,0,0.5251,0.89
standard20,wide,hard,4,200,15,200,1,0,0,0,0.015,1652,2259,2907,3300,3300,3300,2600,700,0,0,0.5024,0.035
standard20,wide,hard,4,200,16,200,1,0,0,0,0.95,1761,2401.5,3120,3181,3483,3785,2763,720,0,0,0.6162,10.43
standard20,wide,hard,4,200,17,200,1,0,0,0,0,2012,2792,3408,4046,4046,4126,3306,740,0,0,0.6209,0
standard20,wide,hard,4,200,18,200,1,0,0,0,0.325,2085,2882.5,3673,4285,4370,4370,3610,760,0,0,0.6682,0.83
standard20,wide,hard,4,200,19,200,1,0,0,0,0.055,2254,3133,3945,4296,4296,4296,3516,780,0,0,0.6469,0.175
standard20,wide,hard,4,200,20,200,1,1,0.005,0.005,1,1716,4708.5,5932,1100,4014,4314,3214,800,0,0,0.868,30.165
standard20,wide,nightmare,1,200,1,200,1,0,0,0,1,177,177,195,177,177,195,72,105,0,0,0.4,3.67
standard20,wide,nightmare,1,200,2,200,1,0,0,0,1,359,359,395,182,182,200,72,110,0,0,0.504,4.67
standard20,wide,nightmare,1,200,3,200,1,0,0,0,1,250,269,324,191,210,229,95,115,0,0,0.4892,5.635
standard20,wide,nightmare,1,200,4,200,1,0,0,0,1,159,194,271,196,228,260,108,120,0,0,0.5337,8.18
standard20,wide,nightmare,1,200,5,200,1,0,0,0,0.86,222,269,319,363,383,443,258,125,0,0,0.6637,2.58
standard20,wide,nightmare,1,200,6,200,1,0,0,0,1,138,217,311,210,224,278,94,130,0,0,0.6418,13.665
standard20,wide,nightmare,1,200,7,200,1,0,0,0,1,148,247.5,397,303,345,450,210,135,0,0,0.7512,7.69
standard20,wide,nightmare,1,200,8,200,1,0,0,0,0.535,183,282,422,499,562,581,422,140,0,0,0.7248,1.96
standard20,wide,nightmare,1,200,9,200,1,0,0,0,0.685,178,325,425,447,574,663,429,145,0,0,0.7768,4.255
standard20,wide,nightmare,1,200,10,200,1,130,0.65,0.65,0.855,214,343,424,219,265,334,115,150,0,0,1.3871,36.72
standard20,wide,nightmare,1,200,11,200,1,5,0.025,0.025,0.35,26,209,393,0,21,1289,21,0,0,0,0.0737,5.67
standard20,wide,nightmare,1,200,12,65,0.325,1,0.005,0.0154,0.8769,188,387,466,676,734,824,574,160,0,0,0.7756,4
standard20,wide,nightmare,1,200,13,64,0.32,2,0.01,0.0313,1,226,379.5,450,527,659.5,796,494.5,165,0,0,0.8638,13.1563
standard20,wide,nightmare,1,200,14,62,0.31,2,0.01,0.0323,1,244,345,443,853,899,945,729,170,0,0,0.8942,7.6935
standard20,wide,nightmare,1,200,15,60,0.3,5,0.025,0.0833,0.6,187,379,454,811,955,982,780,175,0,0,0.8482,2.2667
standard20,wide,nightmare,1,200,16,55,0.275,44,0.22,0.8,1,71,224,398,158,215,647,215,0,0,0,1.086,20
standard20,wide,nightmare,1,200,17,12,0.06,10,0.05,0.8333,0.9167,192,358,514,563,832.5,917,647.5,185,0,0,1.057,6
standard20,wide,nightmare,1,200,18,8,0.04,1,0.005,0.125,0.125,87,185.5,380,0,43,727,43,0,0,0,0.0853,0.25
standard20,wide,nightmare,2,200,1,200,1,0,0,0,0.36,427,458,458,427,458,458,248,210,0,0,0.352,0.36
standard20,wide,nightmare,2,200,2,200,1,0,0,0,0.925,303,334,634,444,476,476,256,220,0,0,0.3392,1.16
standard20,wide,nightmare,2,200,3,200,1,0,0,0,0.945,306,551,722,451,517,540,287,230,0,0,0.3831,1.955
standard20,wide,nightmare,2,200,4,200,1,0,0,0,1,402,532,647,524,581,604,341,240,0,0,0.4286,3.58
standard20,wide,nightmare,2,200,5,200,1,0,0,0,0.18,407,584,709,771,806,806,556,250,0,0,0.525,0.18
standard20,wide,nightmare,2,200,6,200,1,0,0,0,1,446,579,712,537,573,634,313,260,0,0,0.5138,9.52
standard20,wide,nightmare,2,200,7,200,1,0,0,0,0.21,413,603,741,896,970,970,700,270,0,0,0.5662,0.345
standard20,wide,nightmare,2,200,8,200,1,0,0,0,0.225,428,630,791,1016,1050,1050,770,280,0,0,0.5851,0.52
standard20,wide,nightmare,2,200,9,200,1,0,0,0,0.265,458,637,762,1100,1193,1193,903,290,0,0,0.6368,0.68
standard20,wide,nightmare,2,200,10,200,1,0,0,0,0.7,447,596,695,500,580,620,280,300,0,0,1.0724,1.26
standard20,wide,nightmare,2,200,11,200,1,0,0,0,1,460,644,787,2272,2350,2391,2040,310,0,0,0.6721,13.985
standard20,wide,nightmare,2,200,12,200,1,0,0,0,0.07,464,646.5,799,1493,1493,1493,1173,320,0,0,0.675,0.12
standard20,wide,nightmare,2,200,13,200,1,0,0,0,0.98,507,668.5,849,1261,1398,1535,1068,330,0,0,0.7572,7.71
standard20,wide,nightmare,2,200,14,200,1,0,0,0,0.98,589,777,974,1539,1621,1703,1281,340,0,0,0.8016,7.23
standard20,wide,nightmare,2,200,15,200,1,0,0,0,0.47,615,827,1074,1526,1761,1761,1411,350,0,0,0.7643,1.585
standard20,wide,nightmare,2,200,16,200,1,32,0.16,0.16,1,468,800.5,1062,704,1106,1318,746,360,0,0,0.9665,35.06
standard20,wide,nightmare,2,200,17,178,0.89,53,0.265,0.2978,0.9438,344,740.5,1036,689,1501,1642,1131,370,0,0,0.9818,8.8483
standard20,wide,nightmare,2,200,18,127,0.635,97,0.485,0.7638,0.9055,192,498,867,914,1238,1969,1238,0,0,0,1.0723,10.1654
standard20,wide,nightmare,2,200,19,18,0.09,15,0.075,0.8333,1,89,541.5,1075,578,807,1794,728,0,0,0,1.0344,11.3889
standard20,wide,nightmare,2,200,20,5,0.025,3,0.015,0.6,0.6,151,863,1057,0,378,1094,378,0,0,0,1.3379,16
standard20,wide,nightmare,4,200,1,200,1,0,0,0,0,876,876,876,876,876,876,456,420,0,0,0.326,0
standard20,wide,nightmare,4,200,2,200,1,0,0,0,0,947,1247,1247,971,971,971,531,440,0,0,0.3561,0
standard20,wide,nightmare,4,200,3,200,1,0,0,0,0.06,1071,1113,1413,1066,1066,1066,606,460,0,0,0.3553,0.06
standard20,wide,nightmare,4,200,4,200,1,0,0,0,0.995,865,1065,1365,1108,1152,1196,672,480,0,0,0.3977,2.31
standard20,wide,nightmare,4,200,5,200,1,0,0,0,0,890,1190,1402,1525,1525,1525,1025,500,0,0,0.4873,0
standard20,wide,nightmare,4,200,6,200,1,0,0,0,1,942,1208,1390,1206,1252,1344,732,520,0,0,0.4765,6.585
standard20,wide,nightmare,4,200,7,200,1,0,0,0,0,1028,1230,1430,1832,1832,1832,1292,540,0,0,0.5347,0
standard20,wide,nightmare,4,200,8,200,1,0,0,0,0.555,1041,1284.5,1501,1855,1918,1981,1358,560,0,0,0.5479,1.38
standard20,wide,nightmare,4,200,9,200,1,0,0,0,0,1125,1413,1699,2258,2258,2258,1678,580,0,0,0.6041,0
standard20,wide,nightmare,4,200,10,200,1,0,0,0,1,1142,1438.5,1755,970,1118,1192,518,600,0,0,1.0379,51.165
standard20,wide,nightmare,4,200,11,200,1,0,0,0,1,1215,1611,1999,2043,2120,2197,1500,620,0,0,0.7312,15.495
standard20,wide,nightmare,4,200,12,200,1,0,0,0,0.01,1331,1721.5,2098,2801,2801,2878,2161,640,0,0,0.7317,0.01
standard20,wide,nightmare,4,200,13,200,1,56,0.28,0.28,1,998,1621,2162,981,1893,2121,1233,660,0,0,0.8377,18.895
standard20,wide,nightmare,4,200,14,144,0.72,138,0.69,0.9583,1,712,1201,1759,1404,1564,1808,1564,0,0,0,0.892,6.125
standard20,wide,nightmare,4,200,15,6,0.03,3,0.015,0.5,0.8333,631,1763.5,3121,1826,2778,3300,2428,350,0,0,0.8197,1.1667
standard20,wide,nightmare,4,200,16,3,0.015,3,0.015,1,1,1448,1519,1532,1049,1111,1440,1111,0,0,0,1.0117,4
standard20,coop,normal,1,200,1,200,1,0,0,0,0,199,199,199,299,299,299,144,105,50,0.1672,0.1818,0
standard20,coop,normal,1,200,2,200,1,0,0,0,0,221,221,221,322,322,322,162,110,50,0.1553,0.18,0
standard20,coop,normal,1,200,3,200,1,0,0,0,0,317,317,317,396,396,396,191,115,90,0.2273,0.1847,0
standard20,coop,normal,1,200,4,200,1,0,0,0,0.01,457,457,457,440,440,440,230,120,90,0.2046,0.215,0.01
standard20,coop,normal,1,200,5,200,1,0,0,0,0,290,590,590,533,533,533,318,125,90,0.1689,0.2613,0
standard20,coop,normal,1,200,6,200,1,0,0,0,0.005,480,480,530,540,590,590,320,130,140,0.2171,0.2277,0.005
standard20,coop,normal,1,200,7,200,1,0,0,0,0,544,594,594,714,714,714,399,135,180,0.2502,0.2524,0
standard20,coop,normal,1,200,8,200,1,0,0,0,0,600,650,650,806,806,806,441,140,225,0.2767,0.2517,0
standard20,coop,normal,1,200,9,200,1,0,0,0,0,478,538,628,888,888,888,518,145,225,0.2511,0.2635,0
standard20,coop,normal,1,200,10,200,1,0,0,0,0.98,397,447,647,559,559,559,184,150,225,0.3996,0.4315,49
standard20,coop,normal,1,200,11,200,1,0,0,0,0.01,463,513,663,1016,1016,1016,636,155,225,0.2179,0.2962,0.02
standard20,coop,normal,1,200,12,200,1,0,0,0,0,502,562,652,1049,1049,1049,664,160,225,0.2138,0.2963,0
standard20,coop,normal,1,200,13,200,1,0,0,0,0,413,563,713,1161,1161,1161,771,165,225,0.1932,0.3204,0
standard20,coop,normal,1,200,14,200,1,0,0,0,0,469,626,669,1216,1216,1216,821,170,225,0.1844,0.3355,0
standard20,coop,normal,1,200,15,200,1,0,0,0,0,526,576,683,1207,1207,1207,807,175,225,0.1858,0.3177,0
standard20,coop,normal,1,200,16,200,1,0,0,0,0.01,476,636,726,1375,1400,1400,995,180,225,0.1611,0.3847,0.02
standard20,coop,normal,1,200,17,200,1,0,0,0,0,597,690,760,1424,1424,1449,1014,185,225,0.1566,0.3851,0
standard20,coop,normal,1,200,18,200,1,0,0,0,0.025,309,494,584,1289,1289,1289,1099,190,0,0,0.4151,0.05
standard20,coop,normal,1,200,19,200,1,0,0,0,0,299,454,594,1275,1275,1275,1080,195,0,0,0.4043,0
standard20,coop,normal,1,200,20,200,1,83,0.415,0.415,0.415,213,1035,1195,664,1591,1591,1391,200,0,0,0.5385,20.75
standard20,coop,normal,2,200,1,200,1,0,0,0,0.025,508,508,508,508,508,508,248,210,50,0.0986,0.176,0.025
standard20,coop,normal,2,200,2,200,1,0,0,0,0.105,466,506,806,558,598,598,288,220,90,0.1335,0.1696,0.13
standard20,coop,normal,2,200,3,200,1,0,0,0,0.075,519,559,859,653,653,653,333,230,90,0.1437,0.1731,0.135
standard20,coop,normal,2,200,4,200,1,0,0,0,0.11,626,699,949,740,767,790,410,240,140,0.157,0.1963,0.15
standard20,coop,normal,2,200,5,200,1,0,0,0,0,645,695,995,896,986,986,556,250,180,0.1596,0.2298,0
standard20,coop,normal,2,200,6,200,1,0,0,0,0.11,679,759,1021,924,1014,1059,574,260,180,0.182,0.2163,0.175
standard20,coop,normal,2,200,7,200,1,0,0,0,0,634,904,1039,1110,1195,1240,700,270,225,0.1856,0.2425,0
standard20,coop,normal,2,200,8,200,1,0,0,0,0,859,1004,1159,1230,1320,1320,770,280,270,0.1896,0.2474,0
standard20,coop,normal,2,200,9,200,1,0,0,0,0,947,1072,1232,1373,1463,1463,903,290,270,0.1707,0.2687,0
standard20,coop,normal,2,200,10,200,1,0,0,0,0,2120,2250,2378,2003,2093,2093,1523,300,270,0.1187,0.4495,0
standard20,coop,normal,2,200,11,200,1,0,0,0,0,985,1165,1285,1590,1680,1680,1100,310,270,0.1486,0.2789,0
standard20,coop,normal,2,200,12,200,1,0,0,0,0,693,888,1053,1673,1763,1763,1173,320,270,0.1415,0.2775,0
standard20,coop,normal,2,200,13,200,1,0,0,0,0.015,720,873.5,1035,1852,1942,1942,1342,330,270,0.1284,0.3041,0.05
standard20,coop,normal,2,200,14,200,1,0,0,0,0,760,953.5,1082,1965,2055,2055,1445,340,270,0.1211,0.3216,0
standard20,coop,normal,2,200,15,200,1,0,0,0,0,838,948.5,1063,1941,2031,2031,1411,350,270,0.1226,0.3071,0
standard20,coop,normal,2,200,16,200,1,0,0,0,0.005,739,882,1067,2286,2354.5,2376,1746,360,270,0.1051,0.3707,0.01
standard20,coop,normal,2,200,17,200,1,0,0,0,0,787,952,1151,2320,2410,2453,1770,370,270,0.1027,0.3751,0
standard20,coop,normal,2,200,18,200,1,0,0,0,0.045,559,763.5,1004,2337,2337,2337,1957,380,0,0,0.4043,0.11
standard20,coop,normal,2,200,19,200,1,0,0,0,0,579,825,1091,2286,2286,2286,1896,390,0,0,0.397,0
standard20,coop,normal,2,200,20,200,1,0,0,0,0,2159,2311.5,2484,2834,2834,2834,2434,400,0,0,0.5314,0
standard20,coop,normal,4,200,1,200,1,0,0,0,0,826,826,1126,926,926,926,456,420,50,0.054,0.158,0
standard20,coop,normal,4,200,2,200,1,0,0,0,0,947,1247,1457,1021,1021,1061,531,440,50,0.0556,0.1743,0
standard20,coop,normal,4,200,3,200,1,0,0,0,0,1053,1203,1503,1116,1156,1156,606,460,90,0.0719,0.1744,0
standard20,coop,normal,4,200,4,200,1,0,0,0,0,993,1223,1473,1330,1330,1380,760,480,90,0.0744,0.1933,0
standard20,coop,normal,4,200,5,200,1,0,0,0,0,1068,1298,1528,1615,1615,1705,1025,500,90,0.0719,0.2326,0
standard20,coop,normal,4,200,6,200,1,0,0,0,0,1102,1342,1552,1664,1714,1754,1054,520,140,0.0832,0.2178,0
standard20,coop,normal,4,200,7,200,1,0,0,0,0,1114,1384,1634,1922,2012,2057,1292,540,180,0.0859,0.2444,0
standard20,coop,normal,4,200,8,200,1,0,0,0,0,1225,1505,1755,2121,2161,2251,1421,560,180,0.0917,0.252,0
standard20,coop,normal,4,200,9,200,1,0,0,0,0,1443,1753,2038,2398,2438,2528,1678,580,180,0.0814,0.2793,0
standard20,coop,normal,4,200,10,200,1,0,0,0,0,3669,3999,4309,3566,3606,3696,2826,600,180,0.0552,0.4739,0
standard20,coop,normal,4,200,11,200,1,0,0,0,0,1654,2001.5,2389,2860,2860,2950,2060,620,180,0.0719,0.2948,0
standard20,coop,normal,4,200,12,200,1,0,0,0,0,1455,1840,2225,2981,2981,3071,2161,640,180,0.0691,0.2966,0
standard20,coop,normal,4,200,13,200,1,0,0,0,0,1574,2029,2424,3309,3309,3399,2469,660,180,0.0623,0.3296,0
standard20,coop,normal,4,200,14,200,1,0,0,0,0.03,1598,2098,2563,3544,3544,3634,2684,680,180,0.0583,0.3454,0.09
standard20,coop,normal,4,200,15,200,1,0,0,0,0,1688,2230.5,2793,3480,3480,3570,2600,700,180,0.0593,0.3299,0
standard20,coop,normal,4,200,16,200,1,0,0,0,0.01,1953,2473,3053,4045,4125,4170,3225,720,180,0.0505,0.4036,0.03
standard20,coop,normal,4,200,17,200,1,0,0,0,0,2059,2654,3329,4226,4271,4351,3306,740,180,0.0485,0.4064,0
standard20,coop,normal,4,200,18,200,1,0,0,0,0.07,1749,2486.5,3234,4285,4370,4370,3610,760,0,0,0.438,0.18
standard20,coop,normal,4,200,19,200,1,0,0,0,0,2030,2830,3615,4296,4296,4296,3516,780,0,0,0.4277,0
standard20,coop,normal,4,200,20,200,1,0,0,0,0.045,4238,5320.5,6443,5318,5318,5318,4518,800,0,0,0.5681,1.05
standard20,coop,hard,1,200,1,200,1,0,0,0,1,391,391,427,191,191,227,36,105,50,0.2456,0.35,5.3
standard20,coop,hard,1,200,2,200,1,0,0,0,0.87,323,349,377,232,286,322,126,110,50,0.178,0.3191,2.285
standard20,coop,hard,1,200,3,200,1,0,0,0,0.17,379,405,433,337,356,356,191,115,50,0.1417,0.3179,0.17
standard20,coop,hard,1,200,4,200,1,0,0,0,0.62,236,452,527,382,427,440,217,120,90,0.2162,0.3311,1.48
standard20,coop,hard,1,200,5,200,1,0,0,0,0.83,269,310,454,315,345,563,130,125,90,0.2439,0.3826,8.875
standard20,coop,hard,1,200,6,200,1,0,0,0,1,273,421,518,328,413,512,160,130,90,0.2596,0.38,8.435
standard20,coop,hard,1,200,7,200,1,0,0,0,0.765,278,422,548,506,624,714,336,135,140,0.231,0.4097,3.56
standard20,coop,hard,1,200,8,200,1,0,0,0,0.33,349,485.5,581,671,742,761,441,140,180,0.2126,0.4126,1.51
standard20,coop,hard,1,200,9,200,1,0,0,0,0,373,500,631,753,843,843,518,145,180,0.1875,0.438,0
standard20,coop,hard,1,200,10,200,1,16,0.08,0.08,1,366,525.5,595,424,514,514,184,150,180,0.3142,0.7229,50
standard20,coop,hard,1,200,11,200,1,99,0.495,0.495,0.92,109,282,617,66,178.5,782,178.5,0,0,0.1964,0.4975,13.08
standard20,coop,hard,1,200,12,94,0.47,4,0.02,0.0426,0.2447,161,479.5,619,494,1004,1028,664,160,180,0.1695,0.4631,1.0319
standard20,coop,hard,1,200,13,81,0.405,1,0.005,0.0123,0.037,428,577,638,1055,1116,1116,771,165,180,0.1544,0.5,0.0741
standard20,coop,hard,1,200,14,80,0.4,0,0,0,0,411,580.5,655,1171,1171,1171,821,170,180,0.148,0.5147,0
standard20,coop,hard,1,200,15,80,0.4,0,0,0,0,423,524,635,1162,1162,1162,807,175,180,0.1491,0.4869,0
standard20,coop,hard,1,200,16,80,0.4,71,0.355,0.8875,1,39,231,496,512,613,1055,613,0,0,0.061,0.5985,12.675
standard20,coop,hard,1,200,17,20,0.1,0,0,0,0,22,387.5,619,0,0,1379,0,0,0,0.133,0.0825,0
standard20,coop,hard,1,200,18,9,0.045,0,0,0,0,360,568,602,1289,1289,1402,1099,190,0,0,0.6237,0
standard20,coop,hard,1,200,19,9,0.045,0,0,0,0,314,437,646,1275,1275,1275,1080,195,0,0,0.6012,0
standard20,coop,hard,1,200,20,9,0.045,9,0.045,1,1,10,243,329,664,664,664,464,200,0,0,0.7972,50
standard20,coop,hard,2,200,1,200,1,0,0,0,1,384,415,446,384,415,446,155,210,50,0.1218,0.244,3.14
standard20,coop,hard,2,200,2,200,1,0,0,0,0.675,380,673,845,430,514,558,224,220,50,0.1117,0.27,1.905
standard20,coop,hard,2,200,3,200,1,0,0,0,0.13,567,702,867,613,653,653,333,230,90,0.1314,0.2683,0.2
standard20,coop,hard,2,200,4,200,1,0,0,0,0.5,542,758,873,694,740,790,398.5,240,90,0.1521,0.2911,1.005
standard20,coop,hard,2,200,5,200,1,0,0,0,0.465,578,741,902,881,916,986,556,250,140,0.1588,0.342,0.8
standard20,coop,hard,2,200,6,200,1,0,0,0,1,580,687.5,864,619,690,776,266,260,180,0.2589,0.3396,11.265
standard20,coop,hard,2,200,7,200,1,0,0,0,0.23,704,858,993,1085,1150,1195,700,270,225,0.1792,0.3738,0.755
standard20,coop,hard,2,200,8,200,1,0,0,0,0,765,912.5,1081,1230,1320,1320,770,280,270,0.1863,0.3671,0
standard20,coop,hard,2,200,9,200,1,0,0,0,0.005,806,1027.5,1177,1373,1463,1463,903,290,270,0.1677,0.4034,0.01
standard20,coop,hard,2,200,10,200,1,0,0,0,0.61,937,1033,1182,765,810,890,320,300,270,0.291,0.6759,23.86
standard20,coop,hard,2,200,11,200,1,2,0.01,0.01,1,993,1150,1273,1339,2497,2661,1970,310,270,0.1173,0.4353,13.96
standard20,coop,hard,2,200,12,198,0.99,0,0,0,0,731,869.5,1031,1673,1763,1763,1173,320,270,0.1388,0.429,0
standard20,coop,hard,2,200,13,198,0.99,7,0.035,0.0354,0.4949,674,859,1013,1702,1867,1942,1342,330,270,0.1263,0.4698,1.5556
standard20,coop,hard,2,200,14,191,0.955,0,0,0,0,784,927,1046,1965,2055,2055,1445,340,270,0.1183,0.4888,0
standard20,coop,hard,2,200,15,191,0.955,0,0,0,0,804,921,1036,1941,2031,2031,1411,350,270,0.1198,0.4636,0
standard20,coop,hard,2,200,16,191,0.955,65,0.325,0.3403,1,240,818,1002,1273,1942,2032,1359,360,225,0.103,0.5704,15.6754
standard20,coop,hard,2,200,17,149,0.745,13,0.065,0.0872,0.4631,254,863,1092,148,2074,2361,1475,370,225,0.1097,0.5618,1.6577
standard20,coop,hard,2,200,18,125,0.625,0,0,0,0.216,507,748,965,2291,2441,2583,2061,380,0,0,0.601,0.64
standard20,coop,hard,2,200,19,113,0.565,0,0,0,0,579,836,1066,2286,2286,2286,1896,390,0,0,0.5859,0
standard20,coop,hard,2,200,20,113,0.565,73,0.365,0.646,0.8938,107,475,1703,1211,1211,2834,811,400,0,0,0.779,44.8761
standard20,coop,hard,4,200,1,200,1,0,0,0,0.06,826,1069,1126,926,926,926,456,420,50,0.0542,0.24,0.06
standard20,coop,hard,4,200,2,200,1,0,0,0,0.005,1097,1247,1547,1021,1021,1061,531,440,50,0.0531,0.2432,0.005
standard20,coop,hard,4,200,3,200,1,0,0,0,0,1053,1203,1403,1116,1156,1156,606,460,90,0.0714,0.2447,0
standard20,coop,hard,4,200,4,200,1,0,0,0,0,1033,1233,1483,1290,1330,1380,760,480,90,0.0756,0.2711,0
standard20,coop,hard,4,200,5,200,1,0,0,0,0,1028,1248,1488,1575,1615,1705,1025,500,90,0.0734,0.3236,0
standard20,coop,hard,4,200,6,200,1,0,0,0,0.545,1042,1292,1514,1526,1664,1754,1008,520,90,0.0827,0.3048,1.3
standard20,coop,hard,4,200,7,200,1,0,0,0,0,1117,1348.5,1644,1922,1992,2057,1292,540,160,0.0802,0.3449,0
standard20,coop,hard,4,200,8,200,1,0,0,0,0,1205,1500,1789,2121,2161,2251,1421,560,180,0.0902,0.3539,0
standard20,coop,hard,4,200,9,200,1,0,0,0,0,1481,1763,2028,2398,2438,2528,1678,580,180,0.08,0.3937,0
standard20,coop,hard,4,200,10,200,1,0,0,0,0.86,1566,1833,2130,1332,1372,1462,592,600,180,0.1415,0.6694,43.005
standard20,coop,hard,4,200,11,200,1,0,0,0,1,1662,2025,2331,2308,2410,4611,1577,620,180,0.0763,0.4674,13.76
standard20,coop,hard,4,200,12,200,1,0,0,0,0,1438,1754.5,2163,2981,2981,3071,2161,640,180,0.0697,0.462,0
standard20,coop,hard,4,200,13,200,1,0,0,0,0.03,1566,2039,2417,3309,3309,3399,2469,660,180,0.0629,0.5059,0.075
standard20,coop,hard,4,200,14,200,1,0,0,0,0.46,1582,2079,2560,3392,3544,3634,2684,680,180,0.0598,0.5257,1.69
standard20,coop,hard,4,200,15,200,1,0,0,0,0.065,1688,2211.5,2673,3480,3480,3570,2600,700,180,0.06,0.5014,0.135
standard20,coop,hard,4,200,16,200,1,23,0.115,0.115,1,1805,2290,2927,2740,3161,3495,2239,720,180,0.0656,0.6209,22.095
standard20,coop,hard,4,200,17,196,0.98,22,0.11,0.1122,0.4082,1533,2339,3153,2020,3767,4306,2847,740,180,0.0542,0.6186,1.4949
standard20,coop,hard,4,200,18,175,0.875,21,0.105,0.12,0.56,1315,2334,3039,276,4384,4744,3637,760,0,0,0.6555,2.0629
standard20,coop,hard,4,200,19,134,0.67,1,0.005,0.0075,0.0746,2156,2792,3584,3710,4296,4296,3516,780,0,0,0.641,0.2985
standard20,coop,hard,4,200,20,134,0.67,105,0.525,0.7836,0.9478,967,1852,4584,400,1346.5,4514,700,800,0,0,0.8546,30.0299
standard20,coop,nightmare,1,200,1,200,1,0,0,0,1,373,373,391,173,173,191,18,105,50,0.2789,0.5,6.65
standard20,coop,nightmare,1,200,2,200,1,0,0,0,1,287,323,341,214,232,250,72,110,50,0.2145,0.4582,4.94
standard20,coop,nightmare,1,200,3,200,1,0,0,0,0.92,254,322,379,267,305,343,140,115,50,0.1625,0.4543,2.73
standard20,coop,nightmare,1,200,4,200,1,0,0,0,1,279,378,467,312,357,395,147,120,90,0.2549,0.5024,5.45
standard20,coop,nightmare,1,200,5,200,1,0,0,0,1,247,344.5,409,255,295,335,80,125,90,0.3042,0.6305,13.955
standard20,coop,nightmare,1,200,6,200,1,0,0,0,1,265,364.5,481,260,274,350,54,130,90,0.3258,0.6139,15.31
standard20,coop,nightmare,1,200,7,200,1,0,0,0,1,295,423,498,330,386.5,443,147,135,90,0.2641,0.7223,12.06
standard20,coop,nightmare,1,200,8,200,1,0,0,0,0.925,313,411,536,526,638,685,343,140,140,0.2275,0.7022,7.78
standard20,coop,nightmare,1,200,9,200,1,1,0.005,0.005,0.805,341,440.5,568,598,686,843,429,145,140,0.2007,0.7369,4.715
standard20,coop,nightmare,1,200,10,199,0.995,199,0.995,1,1,346,485,579,309,451,514,184,150,140,0.3161,1.2258,50.8241
standard20,coop,nightmare,1,200,11,197,0.985,0,0,0,0,22,91,206,0,0,0,0,0,0,0,0.0596,0
standard20,coop,nightmare,2,200,1,200,1,0,0,0,1,384,384,415,384,384,415,124,210,50,0.1264,0.352,3.625
standard20,coop,nightmare,2,200,2,200,1,0,0,0,1,514,609,782,398,430,494,160,220,50,0.1116,0.3835,3.435
standard20,coop,nightmare,2,200,3,200,1,0,0,0,0.915,541,671,754,498,564,630,244,230,90,0.1391,0.4273,2.815
standard20,coop,nightmare,2,200,4,200,1,0,0,0,0.995,529,682,783,539,630,694,284,240,90,0.1604,0.4545,4.84
standard20,coop,nightmare,2,200,5,200,1,0,0,0,0.995,507,616.5,727,806,846,911,451,250,140,0.1555,0.525,2.56
standard20,coop,nightmare,2,200,6,200,1,0,0,0,1,535,653.5,762,519,591,681,169,260,180,0.2515,0.5138,13.56
standard20,coop,nightmare,2,200,7,200,1,0,0,0,0.96,593,698.5,844,729,818,950,369,270,180,0.1871,0.5971,8.345
standard20,coop,nightmare,2,200,8,200,1,0,0,0,0.05,700,869,1016,1190,1230,1275,770,280,180,0.1541,0.5939,0.125
standard20,coop,nightmare,2,200,9,200,1,0,0,0,0.93,869,989.5,1128,983,1157,1262,681,290,180,0.1667,0.6576,6.32
standard20,coop,nightmare,2,200,10,200,1,98,0.49,0.49,1,888,1018,1148,600,645,725,160,300,180,0.2877,1.1179,53.705
standard20,coop,nightmare,2,200,11,200,1,93,0.465,0.465,0.51,399,515,653,0,152,275,152,0,0,0.0576,0.6982,5.145
standard20,coop,nightmare,2,200,12,10,0.05,3,0.015,0.3,0.6,99,659,891,128,1565,1673,1071,320,180,0.0854,0.699,1.4
standard20,coop,nightmare,2,200,13,6,0.03,6,0.03,1,1,213,292,406,401,491.5,538,491.5,0,0,0,0.8012,4.3333
standard20,coop,nightmare,4,200,1,200,1,0,0,0,0.155,976,1126,1126,869,926,926,456,420,50,0.0545,0.3432,0.155
standard20,coop,nightmare,4,200,2,200,1,0,0,0,0.15,1097,1247,1397,962,1021,1021,531,440,50,0.0495,0.3485,0.185
standard20,coop,nightmare,4,200,3,200,1,0,0,0,0,1053,1247,1503,1116,1156,1156,606,460,90,0.0679,0.3553,0
standard20,coop,nightmare,4,200,4,200,1,0,0,0,0.17,1033,1239,1443,1286,1330,1380,760,480,90,0.0712,0.3921,0.265
standard20,coop,nightmare,4,200,5,200,1,0,0,0,0,1044,1256,1458,1575,1615,1705,1025,500,90,0.07,0.4678,0
standard20,coop,nightmare,4,200,6,200,1,0,0,0,0.995,992,1219,1474,1164,1322,1480,666,520,90,0.0947,0.4506,7.585
standard20,coop,nightmare,4,200,7,200,1,0,0,0,0,1087,1312,1544,1922,1972,2012,1292,540,140,0.0687,0.508,0
standard20,coop,nightmare,4,200,8,200,1,0,0,0,0.085,1153,1428.5,1705,2098,2161,2206,1421,560,180,0.0796,0.5186,0.18
standard20,coop,nightmare,4,200,9,200,1,0,0,0,0,1503,1780.5,2019,2398,2438,2483,1678,580,180,0.0703,0.5798,0
standard20,coop,nightmare,4,200,10,200,1,0,0,0,1,1513,1777,1981,1150,1298,1372,518,600,180,0.133,0.9842,51.075
standard20,coop,nightmare,4,200,11,200,1,0,0,0,1,1597,1890,2208,1777,1972,2162,1131,620,180,0.0933,0.7009,21.025
standard20,coop,nightmare,4,200,12,200,1,0,0,0,0.755,1352,1772.5,2152,2796,2926,3026,2106,640,180,0.0638,0.6941,1.735
standard20,coop,nightmare,4,200,13,200,1,116,0.58,0.58,1,674,1240.5,2019,1014,1347,2412,1261.5,0,0,0.0483,0.7905,15.03
standard20,coop,nightmare,4,200,14,84,0.42,70,0.35,0.8333,1,839,1192.5,1853,992,1228,3080,1228,0,0,0.0233,0.8461,6.4643
standard20,coop,nightmare,4,200,15,15,0.075,10,0.05,0.6667,0.8667,696,1218,2160,1524,2080,3265,2080,0,0,0.0278,0.7621,2.8667
standard20,coop,nightmare,4,200,16,4,0.02,4,0.02,1,1,1055,1403,1679,968,1030,1706,1030,0,0,0,0.9591,4.5
